BACTERIAL_STRAIN_NAME	Curie	Name	Sample	Category	Xrefs	Supplier	Catalog/Product ID	Supplier_Catalog_id	Strain Name
ACIBA 19606						ATCC	123	ATCC_123	E coli
ACIBA 37394	NBT:37394ACIBA	ACIBA 37394	Urine	N/S		NBT	111	NBT_111	
ACIBA 37524	NBT:37524ACIBA	ACIBA 37524	Urine	N/S		NCIT	222345	NCIT_222345	
ACIBA 39788	NBT:39788ACIBA	ACIBA 39788	Blood	N/S		DSMZ			
ACIBA 42167	NBT:42167ACIBA	ACIBA 42167	Blood	N/S					
ACIBA 43137	NBT:43137ACIBA	ACIBA 43137	Blood	N/S					
ACIBA 44640	NBT:44640ACIBA	ACIBA 44640	Blood	CARBR					
ACIBA 44643	NBT:44643ACIBA	ACIBA 44643	Blood	N/S					
ACIBA 44644	NBT:44644ACIBA	ACIBA 44644	Blood	CARBR					
ACIBA 44646	NBT:44646ACIBA	ACIBA 44646	Blood	CARBR					
ACIBA 47570	NBT:47570ACIBA	ACIBA 47570	Tracheal Aspirate	Quinolone S					
ACIBA 49425	NBT:49425ACIBA	ACIBA 49425	Urine	N/S					
ACIBA 50011	NBT:50011ACIBA	ACIBA 50011	Urine	N/S					
ACIBA 50602	NBT:50602ACIBA	ACIBA 50602	Tracheal Aspirate	Quinolone S					
ACIBA 50742	NBT:50742ACIBA	ACIBA 50742	Tissue	Quinolone S					
ACIBA 51777	NBT:51777ACIBA	ACIBA 51777	Urine	N/S					
ACIBA 52892	NBT:52892ACIBA	ACIBA 52892	Wound	N/S					
ACIBA 53615	NBT:53615ACIBA	ACIBA 53615	Sputum	Quinolone S					
ACIBA 53923	NBT:53923ACIBA	ACIBA 53923	Tracheal Aspirate	Quinolone S					
ACIBA 53973	NBT:53973ACIBA	ACIBA 53973	Blood	N/S					
ACIBA 55869	NBT:55869ACIBA	ACIBA 55869	Sputum	Quinolone S					
ACIBA 56079	NBT:56079ACIBA	ACIBA 56079	Fluid	Quinolone S					
ACIBA 57620	NBT:57620ACIBA	ACIBA 57620	CSF	Quinolone S					
ACIBA 58780	NBT:58780ACIBA	ACIBA 58780	Blood	Quinolone S					
ACIBA 59232	NBT:59232ACIBA	ACIBA 59232	ETT	Quinolone S					
ACIBA 59458	NBT:59458ACIBA	ACIBA 59458	Wound	N/S					
ACIBA 61297	NBT:61297ACIBA	ACIBA 61297	Blood	N/S MDR					
ACIBA 66520	NBT:66520ACIBA	ACIBA 66520	Fluid	Quinolone S					
ACIBA 66589	NBT:66589ACIBA	ACIBA 66589	Sputum	N/S					
ACIBA 67786	NBT:67786ACIBA	ACIBA 67786	Tracheal Aspirate	R Quinolone					
ACIBA 69105	NBT:69105ACIBA	ACIBA 69105	Blood	CARBR					
ACIBA 69106	NBT:69106ACIBA	ACIBA 69106	Blood	N/S MDR					
ACIBA 69107									
ACIBA 69113	NBT:69113ACIBA	ACIBA 69113	Blood	CARBR					
ACIBA 69114	NBT:69114ACIBA	ACIBA 69114	Blood	CARBR					
ACIBA 69115	NBT:69115ACIBA	ACIBA 69115	Blood	CARBR					
ACIBA 69116	NBT:69116ACIBA	ACIBA 69116	Blood	CARBR					
ACIBA 69117	NBT:69117ACIBA	ACIBA 69117	Blood	CARBR					
ACIBA 69118	NBT:69118ACIBA	ACIBA 69118	Blood	CARBR					
ACIBA 69119	NBT:69119ACIBA	ACIBA 69119	Blood	N/S MDR					
ACIBA 69120	NBT:69120ACIBA	ACIBA 69120	Blood	N/S MDR					
ACIBA 69121	NBT:69121ACIBA	ACIBA 69121	Blood	CARBR					
ACIBA 69122	NBT:69122ACIBA	ACIBA 69122	Blood	CARBR					
ACIBA 69123	NBT:69123ACIBA	ACIBA 69123	Blood	N/S MDR					
ACIBA 69544	NBT:69544ACIBA	ACIBA 69544	Tissue	R Quinolone					
ACIBA 74416	NBT:74416ACIBA	ACIBA 74416	Sputum	CARBR					
ACIBA 74417	NBT:74417ACIBA	ACIBA 74417	Blood	N/S MDR					
ACIBA 74456	NBT:74456ACIBA	ACIBA 74456	Blood	N/S MDR					
ACIBA 74457	NBT:74457ACIBA	ACIBA 74457	Blood	N/S MDR					
ACIBA 74458	NBT:74458ACIBA	ACIBA 74458	Blood	N/S MDR					
ACIBA 74459	NBT:74459ACIBA	ACIBA 74459	Blood	N/S MDR					
ACIBA 74460	NBT:74460ACIBA	ACIBA 74460	Blood	N/S MDR					
ACIBA 74461	NBT:74461ACIBA	ACIBA 74461	Blood	N/S MDR					
ACIBA 74462	NBT:74462ACIBA	ACIBA 74462	Blood	N/S MDR					
ACIBA 74463	NBT:74463ACIBA	ACIBA 74463	Blood	N/S MDR					
ACIBA 74464	NBT:74464ACIBA	ACIBA 74464	Blood	N/S MDR					
ACIBA 74465	NBT:74465ACIBA	ACIBA 74465	Blood	N/S MDR					
ACIBA 74466	NBT:74466ACIBA	ACIBA 74466	Blood	N/S MDR					
ACIBA 74468	NBT:74468ACIBA	ACIBA 74468	Blood	N/S MDR					
ACIBA 74469	NBT:74469ACIBA	ACIBA 74469	Blood	N/S MDR					
ACIBA 74471	NBT:74471ACIBA	ACIBA 74471	Blood	N/S MDR					
ACIBA 74472	NBT:74472ACIBA	ACIBA 74472	Blood	N/S MDR					
ACIBA 74474	NBT:74474ACIBA	ACIBA 74474	Blood	N/S MDR					
ACIBA 74476	NBT:74476ACIBA	ACIBA 74476	Blood	N/S MDR					
ACIBA 74477	NBT:74477ACIBA	ACIBA 74477	Blood	N/S MDR					
ACIBA 74478	NBT:74478ACIBA	ACIBA 74478	Blood	N/S MDR					
ACIBA 74480	NBT:74480ACIBA	ACIBA 74480	Blood	N/S MDR					
ACIBA 74818	NBT:74818ACIBA	ACIBA 74818	Blood	Quinolone S					
ACIBA 75200	NBT:75200ACIBA	ACIBA 75200	Sputum	CARBR					
ACIBA 75201	NBT:75201ACIBA	ACIBA 75201	Sputum	CARBR					
ACIBA 75815	NBT:75815ACIBA	ACIBA 75815	Blood	N/S					
ACIBA 76025	NBT:76025ACIBA	ACIBA 76025	Blood	CARBR					
ACIBA 76324	NBT:76324ACIBA	ACIBA 76324	Sputum	Quinolone S					
ACIBA 76483	NBT:76483ACIBA	ACIBA 76483	Blood	N/S					
ACIBA 77301	NBT:77301ACIBA	ACIBA 77301	Sputum	N/S					
ACIBA 79515	NBT:79515ACIBA	ACIBA 79515	Blood	R Quinolone					
ACIBA 80652	NBT:80652ACIBA	ACIBA 80652	Blood	R Quinolone					
ACIBA 82221	NBT:82221ACIBA	ACIBA 82221	Blood	Quinolone S					
ACIBA 84263.A	NBT:84263ACIBA.A	ACIBA 84263.A	Blood	Quinolone S					
ACIBA 84263.B	NBT:84263ACIBA.B	ACIBA 84263.B	Blood	Quinolone S					
ACIBA 84268	NBT:84268ACIBA	ACIBA 84268	Blood	Quinolone S					
ACIBA 84614	NBT:84614ACIBA	ACIBA 84614	Blood	R Quinolone					
ACIBA 85831	NBT:85831ACIBA	ACIBA 85831	Blood	Quinolone S					
ACIBA 86029	NBT:86029ACIBA	ACIBA 86029	Blood	N/S					
ACIBA 87000	NBT:87000ACIBA	ACIBA 87000	Blood	Quinolone S					
ACIBA 87076	NBT:87076ACIBA	ACIBA 87076	Blood	Quinolone S					
ACIBA 88215	NBT:88215ACIBA	ACIBA 88215	Blood	Quinolone S					
ACIBA 89719	NBT:89719ACIBA	ACIBA 89719	Blood	Quinolone S					
ACIBA NCTC 13301	NCTC:13301	Acinetobacter baumannii bouvet and grimont 1986							
ACIBA SS11018	NBT:SS11018ACIBA	ACIBA SS11018	Wound	N/S					
ACIBA SS1882	NBT:SS1882ACIBA	ACIBA SS1882	Wound	N/S					
ACIBA SS1883	NBT:SS1883ACIBA	ACIBA SS1883	Wound	N/S					
ACIBA SS3491	NBT:SS3491ACIBA	ACIBA SS3491	Wound	N/S					
ACILW 43120	NBT:43120ACILW	ACILW 43120	Blood	N/S					
ACILW 82914	NBT:82914ACILW	ACILW 82914	Blood	Quinolone S					
ACIPI 38220	NBT:38220ACIPI	ACIPI 38220	Fluid	N/S					
ACIPI 40010	NBT:40010ACIPI	ACIPI 40010	Blood	N/S					
ACIPI 40200	NBT:40200ACIPI	ACIPI 40200	Blood	N/S					
ACIPI 41920	NBT:41920ACIPI	ACIPI 41920	Blood	N/S					
ACIPI SS13512	NBT:SS13512ACIPI	ACIPI SS13512	Wound	Quinolone S					
ACIRA 83910	NBT:83910ACIRA	ACIRA 83910	Blood	Quinolone S					
CITBR 71283	NBT:71283CITBR	CITBR 71283	Blood	N/S					
CITBR 74054	NBT:74054CITBR	CITBR 74054	Blood	N/S					
CITBR 89194	NBT:89194CITBR	CITBR 89194	Blood	Quinolone S					
CITBR SS13307	NBT:SS13307CITBR	CITBR SS13307	Wound	Quinolone S					
CITFR 69442	NBT:69442CITFR	CITFR 69442	Tissue	N/S					
CITFR 69963	NBT:69963CITFR	CITFR 69963	Fluid	CARBR					
CITFR 70607	NBT:70607CITFR	CITFR 70607	Blood	N/S					
CITFR 70844	NBT:70844CITFR	CITFR 70844	Blood	N/S					
CITFR 73549	NBT:73549CITFR	CITFR 73549	Blood	N/S					
CITFR 75688	NBT:75688CITFR	CITFR 75688	Blood	CARBR					
CITFR 91965	NBT:91965CITFR	CITFR 91965	Blood	CARBR					
CITFR 91968	NBT:91968CITFR	CITFR 91968	Blood	CARBR					
CITFR 91986	NBT:91986CITFR	CITFR 91986	Blood	CARBR					
CITFR SS10435	NBT:SS10435CITFR	CITFR SS10435	Wound	N/S					
CITFR SS10946	NBT:SS10946CITFR	CITFR SS10946	Wound	N/S					
CITFR SS11388	NBT:SS11388CITFR	CITFR SS11388	Wound	N/S					
CITFR SS11618	NBT:SS11618CITFR	CITFR SS11618	Wound	Quinolone S					
CITKO 64841	NBT:64841CITKO	CITKO 64841	Fluid	N/S					
CITKO 64876	NBT:64876CITKO	CITKO 64876	Pus	N/S					
CITKO 65199	NBT:65199CITKO	CITKO 65199	Tissue	N/S					
CITKO 69571	NBT:69571CITKO	CITKO 69571	Blood	N/S					
CITKO 69905	NBT:69905CITKO	CITKO 69905	Blood	N/S					
CITKO 70586	NBT:70586CITKO	CITKO 70586	Blood	N/S					
CITKO 70628	NBT:70628CITKO	CITKO 70628	Blood	N/S					
CITKO 70655	NBT:70655CITKO	CITKO 70655	Blood	N/S					
CITKO 71161	NBT:71161CITKO	CITKO 71161	Blood	CARBR					
CITKO 71430	NBT:71430CITKO	CITKO 71430	Blood	N/S					
CITKO 71456	NBT:71456CITKO	CITKO 71456	Blood	N/S					
CITKO 72620	NBT:72620CITKO	CITKO 72620	Blood	N/S					
CITKO 72761	NBT:72761CITKO	CITKO 72761	Blood	N/S					
CITKO 73838	NBT:73838CITKO	CITKO 73838	Blood	N/S					
CITKO 78878	NBT:78878CITKO	CITKO 78878	Blood	N/S					
CITKO 84534	NBT:84534CITKO	CITKO 84534	Blood	Quinolone S					
CITKO 85395	NBT:85395CITKO	CITKO 85395	Blood	Quinolone S					
CITKO 85542	NBT:85542CITKO	CITKO 85542	Blood	Quinolone S					
CITKO 86510	NBT:86510CITKO	CITKO 86510	Blood	Quinolone S					
CITKO 87319	NBT:87319CITKO	CITKO 87319	Blood	Quinolone S					
CITKO 87462	NBT:87462CITKO	CITKO 87462	Blood	Quinolone S					
CITKO 87860	NBT:87860CITKO	CITKO 87860	Blood	Quinolone S					
CITKO 88683	NBT:88683CITKO	CITKO 88683	Blood	Quinolone S					
CITKO 89168	NBT:89168CITKO	CITKO 89168	Blood	Quinolone S					
CITKO 89189	NBT:89189CITKO	CITKO 89189	Blood	Quinolone S					
CITKO 89190.A	NBT:89190CITKO.A	CITKO 89190.A	Blood	Quinolone S					
CITKO 89190.B	NBT:89190CITKO.B	CITKO 89190.B	Blood	N/S					
CITKO 89649	NBT:89649CITKO	CITKO 89649	Blood	Quinolone S					
CITKO SS12763	NBT:SS12763CITKO	CITKO SS12763	Wound	Quinolone S					
CITKO SS13578	NBT:SS13578CITKO	CITKO SS13578	Wound	Quinolone S					
CITKO SS6646	NBT:SS6646CITKO	CITKO SS6646	Wound	N/S					
CITYO 68908	NBT:68908CITYO	CITYO 68908	Tissue	N/S					
CITYO SS13380	NBT:SS13380CITYO	CITYO SS13380	Wound	Quinolone S					
E.coli 39 isolate									
ENTEBU 84831	NBT:84831ENTEBU	ENTEBU 84831	Blood	Quinolone S					
ENTEBU 86397	NBT:86397ENTEBU	ENTEBU 86397	Blood	Quinolone S					
ENTEBU SS7585	NBT:SS7585ENTEBU	ENTEBU SS7585	Wound	Quinolone S					
ENTECL 68554									
ENTECL 71592	NBT:71592ENTECL	ENTECL 71592	Blood	N/S					
ENTECL 73581	NBT:73581ENTECL	ENTECL 73581	Tissue	N/S					
ENTECL 73910	NBT:73910ENTECL	ENTECL 73910	Blood	R Quinolone					
ENTECL 73968	NBT:73968ENTECL	ENTECL 73968	Tup	N/S					
ENTECL 76883	NBT:76883ENTECL	ENTECL 76883	Blood	CARBR					
ENTECL 78328	NBT:78328ENTECL	ENTECL 78328	Blood	ESBL					
ENTECL 78419	NBT:78419ENTECL	ENTECL 78419	Blood	N/S					
ENTECL 78880	NBT:78880ENTECL	ENTECL 78880	Blood	N/S					
ENTECL 78955	NBT:78955ENTECL	ENTECL 78955	Blood	ESBL					
ENTECL 79512	NBT:79512ENTECL	ENTECL 79512	Blood	N/S					
ENTECL 80703	NBT:80703ENTECL	ENTECL 80703	Blood	N/S					
ENTECL 83065	NBT:83065ENTECL	ENTECL 83065	Blood	ESBL					
ENTECL 83374	NBT:83374ENTECL	ENTECL 83374	Blood	Colistin R					
ENTECL 84588	NBT:84588ENTECL	ENTECL 84588	Blood	N/S					
ENTECL 86193	NBT:86193ENTECL	ENTECL 86193	Blood	Quinolone S					
ENTECL 86535	NBT:86535ENTECL	ENTECL 86535	Sputum	CARBR					
ENTECL 86546	NBT:86546ENTECL	ENTECL 86546	Blood	N/S					
ENTECL 86801	NBT:86801ENTECL	ENTECL 86801	Blood	Quinolone S					
ENTECL 87771	NBT:87771ENTECL	ENTECL 87771	Tissue	Quinolone S					
ENTECL 87840	NBT:87840ENTECL	ENTECL 87840	Blood	Quinolone S					
ENTECL 88061	NBT:88061ENTECL	ENTECL 88061	Blood	Quinolone S					
ENTECL 88154	NBT:88154ENTECL	ENTECL 88154	Blood	Quinolone S					
ENTECL 88222	NBT:88222ENTECL	ENTECL 88222	Blood	Quinolone S					
ENTECL 88828	NBT:88828ENTECL	ENTECL 88828	Blood	Quinolone S					
ENTECL 88944	NBT:88944ENTECL	ENTECL 88944	Blood	Quinolone S					
ENTECL 89317	NBT:89317ENTECL	ENTECL 89317	Blood	R Quinolone					
ENTECL 89427	NBT:89427ENTECL	ENTECL 89427	Blood	N/S					
ENTECL 89916	NBT:89916ENTECL	ENTECL 89916	Blood	Quinolone S					
ENTECL SS11603	NBT:SS11603ENTECL	ENTECL SS11603	Wound	Quinolone S					
ENTECL SS13677	NBT:SS13677ENTECL	ENTECL SS13677	Wound	Quinolone S					
ENTECL SS6710	NBT:SS6710ENTECL	ENTECL SS6710	Wound	Quinolone S					
ENTECL SS8167	NBT:SS8167ENTECL	ENTECL SS8167	Wound	Quinolone S					
ENTECL SS8773	NBT:SS8773ENTECL	ENTECL SS8773	Wound	Quinolone S					
ENTECL SS9281	NBT:SS9281ENTECL	ENTECL SS9281	Wound	Quinolone S					
ENTECL SS9338	NBT:SS9338ENTECL	ENTECL SS9338	Wound	Quinolone S					
ENTELU 75895	NBT:75895ENTELU	ENTELU 75895	Blood	N/S					
ENTELU 75936	NBT:75936ENTELU	ENTELU 75936	Blood	N/S					
ENTEXI 73135	NBT:73135ENTEXI	ENTEXI 73135	Blood	N/S					
ENTEXI 77018	NBT:77018ENTEXI	ENTEXI 77018	Tip	N/S					
ENTEXI 80754	NBT:80754ENTEXI	ENTEXI 80754	Blood	N/S					
ENTEXI 85271	NBT:85271ENTEXI	ENTEXI 85271	Blood	ESBL					
ENTEXI 89663	NBT:89663ENTEXI	ENTEXI 89663	Blood	Quinolone S					
ENTEXI 91980	NBT:91980ENTEXI	ENTEXI 91980	Blood	CARBR					
ENTEXI 92010	NBT:92010ENTEXI	ENTEXI 92010	Blood	CARBR					
ENTEXI 92015	NBT:92015ENTEXI	ENTEXI 92015	Blood	CARBR					
ENTEXI SS11645	NBT:SS11645ENTEXI	ENTEXI SS11645	Wound	Quinolone S					
ENTEXI SS12051	NBT:SS12051ENTEXI	ENTEXI SS12051	Wound	Quinolone S					
ENTFA 12697									
ENTFA DSM 2570	ATCC:29212	Enterococcus faecalis (Andrewes and Horder) Schleifer and Kilpper-Balz			DSM:2570				
ESCCO 25404									
ESCCO 25922									
ESCCO 47879									
ESCCO 72038									
ESCCO 74224									
ESCCO 74226	NBT:74226ESCCO	ESCCO 74226	Fluid	N/S MDR					
ESCCO 74237	NBT:74237ESCCO	ESCCO 74237	Fluid	N/S MDR					
ESCCO 74264	NBT:74264ESCCO	ESCCO 74264	Urine	CARBR					
ESCCO 74491	NBT:74491ESCCO	ESCCO 74491	Sputum	N/S MDR					
ESCCO 74492	NBT:74492ESCCO	ESCCO 74492	Sputum	N/S MDR					
ESCCO 74493	NBT:74493ESCCO	ESCCO 74493	Sputum	N/S MDR					
ESCCO 74494	NBT:74494ESCCO	ESCCO 74494	Blood	N/S MDR					
ESCCO 74495	NBT:74495ESCCO	ESCCO 74495	Urine	N/S MDR					
ESCCO 74496	NBT:74496ESCCO	ESCCO 74496	Urine	N/S MDR					
ESCCO 74497	NBT:74497ESCCO	ESCCO 74497	Blood	N/S MDR					
ESCCO 74498	NBT:74498ESCCO	ESCCO 74498	Urine	N/S MDR					
ESCCO 74499	NBT:74499ESCCO	ESCCO 74499	Urine	N/S MDR					
ESCCO 74500	NBT:74500ESCCO	ESCCO 74500	Urine	N/S MDR					
ESCCO 74651	NBT:74651ESCCO	ESCCO 74651	Urine	N/S MDR					
ESCCO 74652	NBT:74652ESCCO	ESCCO 74652	Urine	N/S MDR					
ESCCO 74653	NBT:74653ESCCO	ESCCO 74653	Urine	N/S MDR					
ESCCO 74654	NBT:74654ESCCO	ESCCO 74654	Urine	N/S MDR					
ESCCO 74655	NBT:74655ESCCO	ESCCO 74655	Urine	N/S MDR					
ESCCO 74656	NBT:74656ESCCO	ESCCO 74656	Urine	N/S MDR					
ESCCO 74657	NBT:74657ESCCO	ESCCO 74657	Urine	N/S MDR					
ESCCO 74658	NBT:74658ESCCO	ESCCO 74658	Urine	N/S MDR					
ESCCO 74659	NBT:74659ESCCO	ESCCO 74659	Urine	N/S MDR					
ESCCO 74660	NBT:74660ESCCO	ESCCO 74660	Urine	N/S MDR					
ESCCO 74661	NBT:74661ESCCO	ESCCO 74661	Blood	N/S MDR					
ESCCO 74662	NBT:74662ESCCO	ESCCO 74662	Pus	N/S MDR					
ESCCO 74663	NBT:74663ESCCO	ESCCO 74663	Pus	N/S MDR					
ESCCO 74664	NBT:74664ESCCO	ESCCO 74664	Urine	N/S MDR					
ESCCO 74665	NBT:74665ESCCO	ESCCO 74665	Urine	N/S MDR					
ESCCO 74666	NBT:74666ESCCO	ESCCO 74666	Urine	CARBR					
ESCCO 74667	NBT:74667ESCCO	ESCCO 74667	Urine	CARBR					
ESCCO 74668	NBT:74668ESCCO	ESCCO 74668	Blood	CARBR					
ESCCO 74669	NBT:74669ESCCO	ESCCO 74669	Blood	N/S MDR					
ESCCO 74670	NBT:74670ESCCO	ESCCO 74670	Sputum	CARBR					
ESCCO 76030									
ESCCO 76093									
ESCCO 76094									
ESCCO 76098									
ESCCO 79092									
ESCCO 86389	NBT:86389ESCCO	ESCCO 86389	Blood	R Quinolone					
ESCCO 86425	NBT:86425ESCCO	ESCCO 86425	Blood	R Quinolone					
ESCCO 86520	NBT:86520ESCCO	ESCCO 86520	Blood	R Quinolone					
ESCCO 86645	NBT:86645ESCCO	ESCCO 86645	Blood	ESBL					
ESCCO 86743	NBT:86743ESCCO	ESCCO 86743	Blood	ESBL					
ESCCO 87179	NBT:87179ESCCO	ESCCO 87179	Blood	ESBL					
ESCCO 87253	NBT:87253ESCCO	ESCCO 87253	Blood	N/S MDR					
ESCCO 87256	NBT:87256ESCCO	ESCCO 87256	Blood	R Quinolone					
ESCCO 87280	NBT:87280ESCCO	ESCCO 87280	Blood	ESBL					
ESCCO 87300	NBT:87300ESCCO	ESCCO 87300	Blood	ESBL					
ESCCO 87418	NBT:87418ESCCO	ESCCO 87418	Blood	R Quinolone					
ESCCO 87556	NBT:87556ESCCO	ESCCO 87556	Blood	N/S MDR					
ESCCO 87592	NBT:87592ESCCO	ESCCO 87592	Blood	ESBL					
ESCCO 87647	NBT:87647ESCCO	ESCCO 87647	Blood	ESBL					
ESCCO 87692	NBT:87692ESCCO	ESCCO 87692	Blood	R Quinolone					
ESCCO 87809	NBT:87809ESCCO	ESCCO 87809	Blood	ESBL					
ESCCO 87810	NBT:87810ESCCO	ESCCO 87810	Blood	ESBL					
ESCCO 87826	NBT:87826ESCCO	ESCCO 87826	Blood	R Quinolone					
ESCCO 87831	NBT:87831ESCCO	ESCCO 87831	Blood	ESBL					
ESCCO 87859	NBT:87859ESCCO	ESCCO 87859	Blood	R Quinolone					
ESCCO 87888	NBT:87888ESCCO	ESCCO 87888	Blood	R Quinolone					
ESCCO 87965	NBT:87965ESCCO	ESCCO 87965	Blood	R Quinolone					
ESCCO 88200	NBT:88200ESCCO	ESCCO 88200	Blood	ESBL					
ESCCO 88241	NBT:88241ESCCO	ESCCO 88241	Blood	ESBL					
ESCCO 88244	NBT:88244ESCCO	ESCCO 88244	Blood	R Quinolone					
ESCCO 88265	NBT:88265ESCCO	ESCCO 88265	Blood	R Quinolone					
ESCCO 88295	NBT:88295ESCCO	ESCCO 88295	Blood	R Quinolone					
ESCCO 88448	NBT:88448ESCCO	ESCCO 88448	Blood	Quinolone S					
ESCCO 88497	NBT:88497ESCCO	ESCCO 88497	Blood	R Quinolone					
ESCCO 88649	NBT:88649ESCCO	ESCCO 88649	Blood	R Quinolone					
ESCCO 88672	NBT:88672ESCCO	ESCCO 88672	Blood	ESBL					
ESCCO 88674	NBT:88674ESCCO	ESCCO 88674	Blood	Quinolone S					
ESCCO 88720	NBT:88720ESCCO	ESCCO 88720	Blood	R Quinolone					
ESCCO 88755	NBT:88755ESCCO	ESCCO 88755	Blood	Quinolone S					
ESCCO 88765	NBT:88765ESCCO	ESCCO 88765	Blood	ESBL					
ESCCO 88864	NBT:88864ESCCO	ESCCO 88864	Blood	Quinolone S					
ESCCO 88865	NBT:88865ESCCO	ESCCO 88865	Blood	Quinolone S					
ESCCO 88959	NBT:88959ESCCO	ESCCO 88959	Blood	R Quinolone					
ESCCO 88960	NBT:88960ESCCO	ESCCO 88960	Blood	R Quinolone					
ESCCO 88987	NBT:88987ESCCO	ESCCO 88987	Blood	R Quinolone					
ESCCO 89009	NBT:89009ESCCO	ESCCO 89009	Blood	R Quinolone					
ESCCO 89011	NBT:89011ESCCO	ESCCO 89011	Blood	ESBL					
ESCCO 89031	NBT:89031ESCCO	ESCCO 89031	Blood	Quinolone S					
ESCCO 89142	NBT:89142ESCCO	ESCCO 89142	Blood	Quinolone S					
ESCCO 89224	NBT:89224ESCCO	ESCCO 89224	Blood	ESBL					
ESCCO 89252	NBT:89252ESCCO	ESCCO 89252	Blood	Quinolone S					
ESCCO 89301	NBT:89301ESCCO	ESCCO 89301	Blood	Quinolone S					
ESCCO 89320	NBT:89320ESCCO	ESCCO 89320	Blood	Quinolone S					
ESCCO 89334	NBT:89334ESCCO	ESCCO 89334	Blood	ESBL					
ESCCO 89390	NBT:89390ESCCO	ESCCO 89390	Blood	ESBL					
ESCCO 89429	NBT:89429ESCCO	ESCCO 89429	Blood	Quinolone S					
ESCCO 89552	NBT:89552ESCCO	ESCCO 89552	Blood	ESBL					
ESCCO 89648	NBT:89648ESCCO	ESCCO 89648	Blood	Quinolone S					
ESCCO 89671	NBT:89671ESCCO	ESCCO 89671	Blood	Quinolone S					
ESCCO 89678	NBT:89678ESCCO	ESCCO 89678	Blood	Quinolone S					
ESCCO 89680	NBT:89680ESCCO	ESCCO 89680	Blood	Quinolone S					
ESCCO 89686	NBT:89686ESCCO	ESCCO 89686	Blood	Quinolone S					
ESCCO 89701	NBT:89701ESCCO	ESCCO 89701	Blood	Quinolone S					
ESCCO 89707	NBT:89707ESCCO	ESCCO 89707	Blood	Quinolone S					
ESCCO 91977	NBT:91977ESCCO	ESCCO 91977	Blood	CARBR					
ESCCO 91992	NBT:91992ESCCO	ESCCO 91992	Blood	CARBR					
ESCCO 91995	NBT:91995ESCCO	ESCCO 91995	Blood	CARBR					
ESCCO 91998	NBT:91998ESCCO	ESCCO 91998	Blood	CARBR					
ESCCO 92018	NBT:92018ESCCO	ESCCO 92018	Blood	CARBR					
ESCCO CGSC10000									
ESCCO CGSC10001									
ESCCO CGSC12039									
ESCCO CGSC6693									
ESCCO CGSC6694									
ESCCO CGSC8169									
ESCCO CGSC8302									
ESCCO CGSC8303									
ESCCO CGSC8305									
ESCCO CGSC8758									
ESCCO D22/CGSC5163									
ESCCO ML-35p									
ESCCO ΔTolC									
KLEAE 80631									
KLEOX 79245	NBT:79245KLEOX	KLEOX 79245	Plueral fluid	Quinolone S					
KLEOX 81422	NBT:81422KLEOX	KLEOX 81422	Tissue	Quinolone S					
KLEOX 82917	NBT:82917KLEOX	KLEOX 82917	Blood	R Quinolone					
KLEOX 88760	NBT:88760KLEOX	KLEOX 88760	Blood	Quinolone S					
KLEOX 92007	NBT:92007KLEOX	KLEOX 92007	Blood	CARBR					
KLEPN 42422	NBT:42422KLEPN	KLEPN 42422	Blood	CARBR					
KLEPN 42837									
KLEPN 43816									
KLEPN 46311	NBT:46311KLEPN	KLEPN 46311	Blood	CARBR					
KLEPN 46959									
KLEPN 47871	NBT:47871KLEPN	KLEPN 47871	Blood	CARBR					
KLEPN 47925									
KLEPN 47935									
KLEPN 69263									
KLEPN 69282									
KLEPN 72040	NBT:72040KLEPN	KLEPN 72040	Sputum	CARBR					
KLEPN 72041	NBT:72041KLEPN	KLEPN 72041	Sputum	CARBR					
KLEPN 72204	NBT:72204KLEPN	KLEPN 72204	Fluid	R Quinolone					
KLEPN 72487	NBT:72487KLEPN	KLEPN 72487	Blood	N/S					
KLEPN 74010	NBT:74010KLEPN	KLEPN 74010	Blood	ESBL					
KLEPN 74257	NBT:74257KLEPN	KLEPN 74257	Blood	Quinolone S					
KLEPN 75051									
KLEPN 75774	NBT:75774KLEPN	KLEPN 75774	Blood	ESBL					
KLEPN 75801	NBT:75801KLEPN	KLEPN 75801	Fluid	R Quinolone					
KLEPN 75927	NBT:75927KLEPN	KLEPN 75927	Blood	CARBR					
KLEPN 76012	NBT:76012KLEPN	KLEPN 76012	Blood	CARBR					
KLEPN 76013									
KLEPN 76014	NBT:76014KLEPN	KLEPN 76014	Blood	CARBR					
KLEPN 76015	NBT:76015KLEPN	KLEPN 76015	Blood	CARBR					
KLEPN 76016	NBT:76016KLEPN	KLEPN 76016	Blood	CARBR					
KLEPN 76017	NBT:76017KLEPN	KLEPN 76017	Blood	CARBR					
KLEPN 76018	NBT:76018KLEPN	KLEPN 76018	Blood	CARBR					
KLEPN 76020	NBT:76020KLEPN	KLEPN 76020	Blood	CARBR					
KLEPN 76021	NBT:76021KLEPN	KLEPN 76021	Blood	CARBR					
KLEPN 76022	NBT:76022KLEPN	KLEPN 76022	Blood	CARBR					
KLEPN 76023	NBT:76023KLEPN	KLEPN 76023	Blood	CARBR					
KLEPN 76024	NBT:76024KLEPN	KLEPN 76024	Blood	CARBR					
KLEPN 76026	NBT:76026KLEPN	KLEPN 76026	Blood	CARBR					
KLEPN 76027	NBT:76027KLEPN	KLEPN 76027	Blood	CARBR					
KLEPN 76029	NBT:76029KLEPN	KLEPN 76029	Blood	CARBR					
KLEPN 76039	NBT:76039KLEPN	KLEPN 76039	Blood	CARBR					
KLEPN 76041	NBT:76041KLEPN	KLEPN 76041	Blood	CARBR					
KLEPN 76042	NBT:76042KLEPN	KLEPN 76042	Blood	CARBR					
KLEPN 76043	NBT:76043KLEPN	KLEPN 76043	Blood	CARBR					
KLEPN 76044	NBT:76044KLEPN	KLEPN 76044	Blood	CARBR					
KLEPN 76045	NBT:76045KLEPN	KLEPN 76045	Blood	CARBR					
KLEPN 76046	NBT:76046KLEPN	KLEPN 76046	Blood	CARBR					
KLEPN 76299	NBT:76299KLEPN	KLEPN 76299	Blood	CARBR					
KLEPN 76337	NBT:77085KLEPN	KLEPN 77085	Blood	R Quinolone					
KLEPN 77085									
KLEPN 77178	NBT:77178KLEPN	KLEPN 77178	Blood	ESBL					
KLEPN 77620	NBT:77620KLEPN	KLEPN 77620	Blood	CARBR					
KLEPN 78029	NBT:78029KLEPN	KLEPN 78029	Blood	N/S					
KLEPN 78238	NBT:78238KLEPN	KLEPN 78238	Blood	ESBL					
KLEPN 78620	NBT:78620KLEPN	KLEPN 78620	Blood	ESBL					
KLEPN 79668	NBT:79668KLEPN	KLEPN 79668	Blood	ESBL					
KLEPN 80169	NBT:80169KLEPN	KLEPN 80169	Blood	ESBL					
KLEPN 80241	NBT:80241KLEPN	KLEPN 80241	Blood	ESBL					
KLEPN 80644	NBT:80644KLEPN	KLEPN 80644	Blood	N/S					
KLEPN 81430	NBT:81430KLEPN	KLEPN 81430	Blood	R Quinolone					
KLEPN 82653	NBT:82653KLEPN	KLEPN 82653	Blood	R Quinolone					
KLEPN 82817	NBT:82817KLEPN	KLEPN 82817	Blood	ESBL					
KLEPN 82983	NBT:82983KLEPN	KLEPN 82983	Blood	ESBL					
KLEPN 82998	NBT:82998KLEPN	KLEPN 82998	Sputum	CARBA / Colistin R					
KLEPN 83241	NBT:83241KLEPN	KLEPN 83241	Blood	N/S					
KLEPN 83249	NBT:83249KLEPN	KLEPN 83249	Blood	Quinolone S					
KLEPN 83908	NBT:83908KLEPN	KLEPN 83908	Blood	R Quinolone					
KLEPN 83985	NBT:83985KLEPN	KLEPN 83985	Blood	Quinolone S					
KLEPN 84012	NBT:84012KLEPN	KLEPN 84012	Blood	ESBL					
KLEPN 84253	NBT:84253KLEPN	KLEPN 84253	Blood	CARBR					
KLEPN 84610	NBT:84610KLEPN	KLEPN 84610	Blood	Quinolone S					
KLEPN 84657	NBT:84657KLEPN	KLEPN 84657	Blood	N/S					
KLEPN 85140	NBT:85140KLEPN	KLEPN 85140	Wound	CARBR					
KLEPN 85292	NBT:85292KLEPN	KLEPN 85292	Blood	R Quinolone					
KLEPN 85347	NBT:85347KLEPN	KLEPN 85347	Blood	ESBL					
KLEPN 85614	NBT:85614KLEPN	KLEPN 85614	Blood	ESBL					
KLEPN 86443	NBT:86443KLEPN	KLEPN 86443	Blood	N/S					
KLEPN 86448	NBT:86448KLEPN	KLEPN 86448	Blood	Quinolone S					
KLEPN 86468	NBT:86468KLEPN	KLEPN 86468	Blood	N/S					
KLEPN 86711	NBT:86711KLEPN	KLEPN 86711	Blood	N/S					
KLEPN 86748	NBT:86748KLEPN	KLEPN 86748	Blood	N/S					
KLEPN 86751	NBT:86751KLEPN	KLEPN 86751	Blood	R Quinolone					
KLEPN 87329	NBT:87329KLEPN	KLEPN 87329	Blood	Quinolone S					
KLEPN 87635	NBT:87635KLEPN	KLEPN 87635	Blood	Quinolone S					
KLEPN 87838	NBT:87838KLEPN	KLEPN 87838	Blood	N/S					
KLEPN 87970	NBT:87970KLEPN	KLEPN 87970	Blood	Quinolone S					
KLEPN 87977	NBT:87977KLEPN	KLEPN 87977	Blood	Quinolone S					
KLEPN 88008	NBT:88008KLEPN	KLEPN 88008	Blood	N/S					
KLEPN 88120	NBT:88120KLEPN	KLEPN 88120	Blood	Quinolone S					
KLEPN 88128	NBT:88128KLEPN	KLEPN 88128	Blood	ESBL					
KLEPN 88174	NBT:88174KLEPN	KLEPN 88174	Blood	Quinolone S					
KLEPN 88282	NBT:88282KLEPN	KLEPN 88282	Blood	R Quinolone					
KLEPN 88421	NBT:88421KLEPN	KLEPN 88421	Blood	R Quinolone					
KLEPN 88645	NBT:88645KLEPN	KLEPN 88645	Blood	ESBL					
KLEPN 88684	NBT:88684KLEPN	KLEPN 88684	Blood	Quinolone S					
KLEPN 88922	NBT:88922KLEPN	KLEPN 88922	Blood	Quinolone S					
KLEPN 89025	NBT:89025KLEPN	KLEPN 89025	Blood	R Quinolone					
KLEPN 89249	NBT:89249KLEPN	KLEPN 89249	Blood	Quinolone S					
KLEPN 89514	NBT:89514KLEPN	KLEPN 89514	Blood	Quinolone S					
KLEPN 89522	NBT:89522KLEPN	KLEPN 89522	CSF	Quinolone S					
KLEPN 91971	NBT:91971KLEPN	KLEPN 91971	Blood	CARBR					
KLEPN 91974	NBT:91974KLEPN	KLEPN 91974	Blood	CARBR					
KLEPN 91983	NBT:91983KLEPN	KLEPN 91983	Blood	CARBR					
KLEPN 91989	NBT:91989KLEPN	KLEPN 91989	Blood	CARBR					
KLEPN 92001	NBT:92001KLEPN	KLEPN 92001	Blood	CARBR					
KLEPN 92004	NBT:92004KLEPN	KLEPN 92004	Blood	CARBR					
KLEPN 92013	NBT:92013KLEPN	KLEPN 92013	Blood	CARBR					
KLEPN 92021	NBT:92021KLEPN	KLEPN 92021	Blood	CARBR					
KLEPN ATCC 700603	ATCC:700603	Klebsiella pneumoniae subsp. pneumoniae (Schroeter) Trevisan							
KLEVA 59729	NBT:59729KLEVA	KLEVA 59729	Wound	CARBR					
KLEVA 76038	NBT:76038KLEVA	KLEVA 76038	Blood	CARBR					
MORGMO 66286	NBT:66286.0MORGMO	MORGMO 66286	Sputum	R Quinolone					
MORGMO 66462	NBT:66462.0MORGMO	MORGMO 66462	Fluid	Quin S					
MORGMO 73843	NBT:73843.0MORGMO	MORGMO 73843	Tissue	ESBL					
MORGMO 78232	NBT:78232.0MORGMO	MORGMO 78232	Blood	R Quinolone					
MORGMO 79692	NBT:79692.0MORGMO	MORGMO 79692	Blood	Quin S					
MRSA 85568									
PROMI 7002									
PROMI 78093	NBT:78093PROMI	PROMI 78093	Blood	Quin S					
PROMI 79031	NBT:79031PROMI	PROMI 79031	Blood	Quin S					
PROMI 79074	NBT:79074PROMI	PROMI 79074	Blood	Quin S					
PROMI 79179	NBT:79179PROMI	PROMI 79179	Blood	R QUIN					
PROMI 79198	NBT:79198PROMI	PROMI 79198	Blood	Quin S					
PROMI 79234	NBT:79234PROMI	PROMI 79234	Blood	Quin S					
PROMI 79268	NBT:79268PROMI	PROMI 79268	Blood	Quin S					
PROMI 79395	NBT:79395PROMI	PROMI 79395	Blood	Quin S					
PROMI 79504	NBT:79504PROMI	PROMI 79504	Blood	Quin S					
PROMI 79839	NBT:79839PROMI	PROMI 79839	Blood	Quin S					
PROMI 79855	NBT:79855PROMI	PROMI 79855	Blood	Quin S					
PROMI 80092	NBT:80092PROMI	PROMI 80092	Blood	Quin S					
PROMI 80093	NBT:80093PROMI	PROMI 80093	Blood	Quin S					
PROMI 80114	NBT:80114PROMI	PROMI 80114	Blood	Quin S					
PROMI 80167	NBT:80167PROMI	PROMI 80167	Blood	Quin S					
PROMI 80314	NBT:80314PROMI	PROMI 80314	Blood	Quin S					
PROMI 80317	NBT:80317PROMI	PROMI 80317	Blood	Quin S					
PROMI 80586	NBT:80586PROMI	PROMI 80586	Blood	Quin S					
PROMI 80591	NBT:80591PROMI	PROMI 80591	Blood	Quin S					
PROMI 80592	NBT:80592PROMI	PROMI 80592	Blood	Quin S					
PROMI 80593	NBT:80593PROMI	PROMI 80593	Blood	Quin S					
PROMI 80658	NBT:80658PROMI	PROMI 80658	Blood	Quin S					
PROMI 80788	NBT:80788PROMI	PROMI 80788	Blood	Quin S					
PROMI 80807	NBT:80807PROMI	PROMI 80807	Blood	Quin S					
PROMI 80989	NBT:80989PROMI	PROMI 80989	Blood	Quin S					
PROMI 81005	NBT:81005PROMI	PROMI 81005	Blood	Quin S					
PROMI 81118	NBT:81118PROMI	PROMI 81118	Blood	R QUIN					
PROMI 81119	NBT:81119PROMI	PROMI 81119	Blood	Quin S					
PROMI 81234	NBT:81234PROMI	PROMI 81234	Blood	R QUIN					
PROMI 81241	NBT:81241PROMI	PROMI 81241	Blood	Quin S					
PROMI 81350	NBT:81350PROMI	PROMI 81350	Blood	R QUIN					
PROMI 81535	NBT:81535PROMI	PROMI 81535	Blood	N/S MDR					
PROMI 81647	NBT:81647PROMI	PROMI 81647	Blood	R QUIN					
PROMI 81666	NBT:81666PROMI	PROMI 81666	Blood	Quin S					
PROMI 81858	NBT:81858PROMI	PROMI 81858	Blood	Quin S					
PROMI 81907	NBT:81907PROMI	PROMI 81907	Blood	Quin S					
PROMI 82193	NBT:82193PROMI	PROMI 82193	Blood	Quin S					
PROMI 82195	NBT:82195PROMI	PROMI 82195	Blood	Quin S					
PROMI 82282	NBT:82282PROMI	PROMI 82282	Blood	Quin S					
PROMI 82291	NBT:82291PROMI	PROMI 82291	Blood	Quin S					
PROMI 82297	NBT:82297PROMI	PROMI 82297	Blood	Quin S					
PROMI 82471	NBT:82471PROMI	PROMI 82471	Blood	Quin S					
PROMI 82597	NBT:82597PROMI	PROMI 82597	Blood	Quin S					
PROMI 82609	NBT:82609PROMI	PROMI 82609	Blood	Quin S					
PROMI 82804	NBT:82804PROMI	PROMI 82804	Blood	Quin S					
PROMI 83028	NBT:83028PROMI	PROMI 83028	Blood	Quin S					
PROMI 83037	NBT:83037PROMI	PROMI 83037	Blood	Quin S					
PROMI 83061	NBT:83061PROMI	PROMI 83061	Blood	Quin S					
PROMI 83124	NBT:83124PROMI	PROMI 83124	Blood	R QUIN					
PROMI 83129	NBT:83129PROMI	PROMI 83129	Blood	Quin S					
PROMI 84280									
PROMI 84962									
PROMI 85353									
PROMI isolate ST19									
PROVST 71167	NBT:71167.0PROVST	PROVST 71167	Blood	N/S					
PROVST 74900	NBT:74900.0PROVST	PROVST 74900	Tissue	N/S					
PROVST 76300	NBT:76300.0PROVST	PROVST 76300	Blood	N/S					
PROVST 84442	NBT:84442.0PROVST	PROVST 84442	Blood	N/S					
PROVST 86249	NBT:86249.0PROVST	PROVST 86249	Blood	N/S					
PROVST 86926	NBT:86926.0PROVST	PROVST 86926	Blood	N/S					
PROVST 88057	NBT:88057.0PROVST	PROVST 88057	Blood	N/S					
PSEAE 11B									
PSEAE 27853									
PSEAE 75175									
PSEAE 75185									
PSEAE 75333									
PSEAE 88193									
PSEAE 88195									
PSEAE 88245									
PSEAE 88276									
PSEAE 88337									
PSEAE 88342									
PSEAE 88356									
PSEAE 88361									
PSEAE 88534									
PSEAE 89228									
PSEAE 89268									
PSEAE 89273									
PSEAE 89337									
PSEAE 89382									
PSEAE 89399									
PSEAE 89580									
PSEAE 89675									
PSEAE 89715									
PSEAE 91124									
PSEAE 91160									
PSEAE 91165									
PSEAE 91166									
PSEAE 91179									
PSEAE 91182									
PSEAE 91612									
PSEAE 91733									
PSEAE 91752									
PSEAE 91777									
PSEAE 91786									
PSEAE 91861									
PSEAE ATCC 27853	ATCC:27853	Pseudomonas aeruginosa (Schroeter) Migula							
PSEAE CLB24226									
PSEAE PA01									
PSEAE PA0750									
PSEAE Paeβ02									
SERMA 85197	NBT:88201.0SERMA	SERMA 88201	Blood	N/S					
SERMA 88201	NBT:88302.0SERMA	SERMA 88302	Blood	N/S					
SERMA 88302	NBT:88500.0SERMA	SERMA 88500	Blood	N/S					
SERMA 88500	NBT:88715.0SERMA	SERMA 88715	Blood	N/S					
SERMA 88715	NBT:89666.0SERMA	SERMA 89666	Blood	N/S	
SERMA 89666	NBT:89666.0SERMA	SERMA 89666
STAAU 29213									
STAEP 13360									
STRPN 12977									