STUDYID	EXPID	CPD_ID	BATCH_ID	EXT_CPD_ID	EXT_BATCH_ID	SITE	PROVENANCE	EXPERIMENT_DATE	BIOMATERIAL	SPECIES_NAME	BACTERIAL_STRAIN_NAME	BACTERIAL_STRAIN_SITE_REF	EXPERIMENT_TYPE	PROTOCOL_NAME	No of replicates	RESULT_TYPE	STATISTICAL_METHOD	RESULT_OPERATOR	RESULT_VALUE	RESULT_UNIT	MEDIUM	CONTROL_GROUP	RESULT_STATUS	COMMENTS	BIOMATERIAL_annotation	BACTERIAL_STRAIN_NAME_annotation	EXPERIMENT_TYPE_annotation	MEDIUM_annotation	RESULT_UNIT_annotation	SPECIES_NAME_annotation	STATISTICAL_METHOD_annotation
GNA-NOW_EMC_01	ELN-AK-25667	CPD_0001	BATCH_ID_AYC789	Compound-A-0001	BATCH-AYC	EMC	EMC@GNA-NOW.com	13/5/2021	Bacteria		ESCCO 25922		FoR	GNA-NOW_EMC_FoR_protocol_v01.pdf		FoR	Single value	=	1.964285714e-07	No Unit	MHB with agarose	plates without compound	V (valid)		{'curie': 'NCBITaxon:2', 'name': 'Bacteria'}	{'curie': nan, 'name': 'ESCCO 25922', 'sample': nan, 'category': nan}	{'curie': 'GNA:00010', 'name': 'FoR', 'experimental_type': 'Frequency of resistance', 'modified_name': 'Frequency of resistance', 'definition': 'Frequency of resistance'}	{'curie': 'ARO:3004424', 'name': 'MHB with agarose', 'medium_acronym': 'MHB', 'medium_name': 'Mueller-Hinton Broth (MHB)', 'medium_pH': nan, 'medium_additives': 'agarose'}	{'curie': 'GNA:00024', 'name': 'No Unit', 'unit_full_name': nan}		{'curie': 'NCIT:C25712', 'name': 'Single value', 'statistical_method': 'Value'}
GNA-NOW_EMC_01	ELN-AK-25667	CPD_0002	BATCH_ID_DGZ159			EMC	EMC@GNA-NOW.com	13/5/2021	Bacteria		ESCCO 25922		FoR	GNA-NOW_EMC_FoR_protocol_v01.pdf		FoR	Single value	=	5.714285714e-07	No Unit	MHB with agarose	plates without compound	V (valid)		{'curie': 'NCBITaxon:2', 'name': 'Bacteria'}	{'curie': nan, 'name': 'ESCCO 25922', 'sample': nan, 'category': nan}	{'curie': 'GNA:00010', 'name': 'FoR', 'experimental_type': 'Frequency of resistance', 'modified_name': 'Frequency of resistance', 'definition': 'Frequency of resistance'}	{'curie': 'ARO:3004424', 'name': 'MHB with agarose', 'medium_acronym': 'MHB', 'medium_name': 'Mueller-Hinton Broth (MHB)', 'medium_pH': nan, 'medium_additives': 'agarose'}	{'curie': 'GNA:00024', 'name': 'No Unit', 'unit_full_name': nan}		{'curie': 'NCIT:C25712', 'name': 'Single value', 'statistical_method': 'Value'}
GNA-NOW_EMC_01	ELN-AK-25667	CPD_0003	BATCH_ID_MKG248			EMC	EMC@GNA-NOW.com	13/5/2021	Bacteria		ESCCO 25922		FoR	GNA-NOW_EMC_FoR_protocol_v01.pdf		FoR	Single value	<	0.0	No Unit	MHB with agarose	plates without compound	V (valid)		{'curie': 'NCBITaxon:2', 'name': 'Bacteria'}	{'curie': nan, 'name': 'ESCCO 25922', 'sample': nan, 'category': nan}	{'curie': 'GNA:00010', 'name': 'FoR', 'experimental_type': 'Frequency of resistance', 'modified_name': 'Frequency of resistance', 'definition': 'Frequency of resistance'}	{'curie': 'ARO:3004424', 'name': 'MHB with agarose', 'medium_acronym': 'MHB', 'medium_name': 'Mueller-Hinton Broth (MHB)', 'medium_pH': nan, 'medium_additives': 'agarose'}	{'curie': 'GNA:00024', 'name': 'No Unit', 'unit_full_name': nan}		{'curie': 'NCIT:C25712', 'name': 'Single value', 'statistical_method': 'Value'}
GNA-NOW_EMC_01	ELN-AK-25667	CPD_0004	BATCH_ID_BDO149			EMC	EMC@GNA-NOW.com	13/5/2021	Bacteria		ESCCO 25922		FoR	GNA-NOW_EMC_FoR_protocol_v01.pdf		FoR	Single value	=	3.57e-09	No Unit	MHB with agarose	plates without compound	V (valid)		{'curie': 'NCBITaxon:2', 'name': 'Bacteria'}	{'curie': nan, 'name': 'ESCCO 25922', 'sample': nan, 'category': nan}	{'curie': 'GNA:00010', 'name': 'FoR', 'experimental_type': 'Frequency of resistance', 'modified_name': 'Frequency of resistance', 'definition': 'Frequency of resistance'}	{'curie': 'ARO:3004424', 'name': 'MHB with agarose', 'medium_acronym': 'MHB', 'medium_name': 'Mueller-Hinton Broth (MHB)', 'medium_pH': nan, 'medium_additives': 'agarose'}	{'curie': 'GNA:00024', 'name': 'No Unit', 'unit_full_name': nan}		{'curie': 'NCIT:C25712', 'name': 'Single value', 'statistical_method': 'Value'}
GNA-NOW_EMC_01	ELN-AK-25667	CPD_0005	BATCH_ID_JNZ135			EMC	EMC@GNA-NOW.com	13/5/2021	Bacteria		ENTEBU 86397		FoR	GNA-NOW_EMC_FoR_protocol_v01.pdf		FoR	Single value	=	2.75666291e-08	No Unit	MHB with agarose	plates without compound	V (valid)		{'curie': 'NCBITaxon:2', 'name': 'Bacteria'}	{'curie': 'NBT:86397ENTEBU', 'name': 'ENTEBU 86397', 'sample': 'Blood', 'category': 'Quinolone S'}	{'curie': 'GNA:00010', 'name': 'FoR', 'experimental_type': 'Frequency of resistance', 'modified_name': 'Frequency of resistance', 'definition': 'Frequency of resistance'}	{'curie': 'ARO:3004424', 'name': 'MHB with agarose', 'medium_acronym': 'MHB', 'medium_name': 'Mueller-Hinton Broth (MHB)', 'medium_pH': nan, 'medium_additives': 'agarose'}	{'curie': 'GNA:00024', 'name': 'No Unit', 'unit_full_name': nan}		{'curie': 'NCIT:C25712', 'name': 'Single value', 'statistical_method': 'Value'}
GNA-NOW_EMC_01	ELN-AK-25667	CPD_0006	BATCH_ID_OLA378			EMC	EMC@GNA-NOW.com	13/5/2021	Bacteria		ENTEBU 86397		FoR	GNA-NOW_EMC_FoR_protocol_v01.pdf		FoR	Single value	=	7.62481231e-08	No Unit	MHB with agarose	plates without compound	V (valid)		{'curie': 'NCBITaxon:2', 'name': 'Bacteria'}	{'curie': 'NBT:86397ENTEBU', 'name': 'ENTEBU 86397', 'sample': 'Blood', 'category': 'Quinolone S'}	{'curie': 'GNA:00010', 'name': 'FoR', 'experimental_type': 'Frequency of resistance', 'modified_name': 'Frequency of resistance', 'definition': 'Frequency of resistance'}	{'curie': 'ARO:3004424', 'name': 'MHB with agarose', 'medium_acronym': 'MHB', 'medium_name': 'Mueller-Hinton Broth (MHB)', 'medium_pH': nan, 'medium_additives': 'agarose'}	{'curie': 'GNA:00024', 'name': 'No Unit', 'unit_full_name': nan}		{'curie': 'NCIT:C25712', 'name': 'Single value', 'statistical_method': 'Value'}
GNA-NOW_EMC_01	ELN-AK-25667	CPD_0007	BATCH_ID_PLA886			EMC	EMC@GNA-NOW.com	13/5/2021	Bacteria		ENTEBU 86397		FoR	GNA-NOW_EMC_FoR_protocol_v01.pdf		FoR	Single value	<	0.0	No Unit	MHB with agarose	plates without compound	V (valid)		{'curie': 'NCBITaxon:2', 'name': 'Bacteria'}	{'curie': 'NBT:86397ENTEBU', 'name': 'ENTEBU 86397', 'sample': 'Blood', 'category': 'Quinolone S'}	{'curie': 'GNA:00010', 'name': 'FoR', 'experimental_type': 'Frequency of resistance', 'modified_name': 'Frequency of resistance', 'definition': 'Frequency of resistance'}	{'curie': 'ARO:3004424', 'name': 'MHB with agarose', 'medium_acronym': 'MHB', 'medium_name': 'Mueller-Hinton Broth (MHB)', 'medium_pH': nan, 'medium_additives': 'agarose'}	{'curie': 'GNA:00024', 'name': 'No Unit', 'unit_full_name': nan}		{'curie': 'NCIT:C25712', 'name': 'Single value', 'statistical_method': 'Value'}
GNA-NOW_EMC_01	ELN-AK-25667	CPD_0008	BATCH_ID_GFR238			EMC	EMC@GNA-NOW.com	13/5/2021	Bacteria		ENTEBU 86397		FoR	GNA-NOW_EMC_FoR_protocol_v01.pdf		FoR	Single value	=	0.0	No Unit	MHB with agarose	plates without compound	V (valid)		{'curie': 'NCBITaxon:2', 'name': 'Bacteria'}	{'curie': 'NBT:86397ENTEBU', 'name': 'ENTEBU 86397', 'sample': 'Blood', 'category': 'Quinolone S'}	{'curie': 'GNA:00010', 'name': 'FoR', 'experimental_type': 'Frequency of resistance', 'modified_name': 'Frequency of resistance', 'definition': 'Frequency of resistance'}	{'curie': 'ARO:3004424', 'name': 'MHB with agarose', 'medium_acronym': 'MHB', 'medium_name': 'Mueller-Hinton Broth (MHB)', 'medium_pH': nan, 'medium_additives': 'agarose'}	{'curie': 'GNA:00024', 'name': 'No Unit', 'unit_full_name': nan}		{'curie': 'NCIT:C25712', 'name': 'Single value', 'statistical_method': 'Value'}
GNA-NOW_EMC_01	ELN-AK-25667	CPD_0009	BATCH_ID_ASV127			EMC	EMC@GNA-NOW.com	13/5/2021	Bacteria		KLEPN 43816		FoR	GNA-NOW_EMC_FoR_protocol_v01.pdf		FoR	Single value	<	0.0	No Unit	MHB with agarose	plates without compound	V (valid)		{'curie': 'NCBITaxon:2', 'name': 'Bacteria'}	{'curie': nan, 'name': 'KLEPN 43816', 'sample': nan, 'category': nan}	{'curie': 'GNA:00010', 'name': 'FoR', 'experimental_type': 'Frequency of resistance', 'modified_name': 'Frequency of resistance', 'definition': 'Frequency of resistance'}	{'curie': 'ARO:3004424', 'name': 'MHB with agarose', 'medium_acronym': 'MHB', 'medium_name': 'Mueller-Hinton Broth (MHB)', 'medium_pH': nan, 'medium_additives': 'agarose'}	{'curie': 'GNA:00024', 'name': 'No Unit', 'unit_full_name': nan}		{'curie': 'NCIT:C25712', 'name': 'Single value', 'statistical_method': 'Value'}
GNA-NOW_EMC_01	ELN-AK-25667	CPD_0010	BATCH_ID_MKL369			EMC	EMC@GNA-NOW.com	13/5/2021	Bacteria		KLEPN 43816		FoR	GNA-NOW_EMC_FoR_protocol_v01.pdf		FoR	Single value	=	0.0	No Unit	MHB with agarose	plates without compound	V (valid)		{'curie': 'NCBITaxon:2', 'name': 'Bacteria'}	{'curie': nan, 'name': 'KLEPN 43816', 'sample': nan, 'category': nan}	{'curie': 'GNA:00010', 'name': 'FoR', 'experimental_type': 'Frequency of resistance', 'modified_name': 'Frequency of resistance', 'definition': 'Frequency of resistance'}	{'curie': 'ARO:3004424', 'name': 'MHB with agarose', 'medium_acronym': 'MHB', 'medium_name': 'Mueller-Hinton Broth (MHB)', 'medium_pH': nan, 'medium_additives': 'agarose'}	{'curie': 'GNA:00024', 'name': 'No Unit', 'unit_full_name': nan}		{'curie': 'NCIT:C25712', 'name': 'Single value', 'statistical_method': 'Value'}
GNA-NOW_EVT_03	ELN-KE-64289	CPD_0001	BATCH_ID_AYC789	Compound-A-0001	BATCH-AYC	EVT	EVT@GNA-NOW.com	10/3/2021	Cell	Rats			HepG2_cytotoxicity	GNA-NOW_EVT_cytotoxicity_protocol_v01.pdf		AC50	Average	>	10.0	µM			V (valid)		{'curie': 'NCIT:C12508', 'name': 'Cell'}		{'curie': 'GNA:00012', 'name': 'HepG2_cytotoxicity', 'experimental_type': 'Cytotoxicity assay on HepG2', 'modified_name': 'Cytotoxicity_HepG2', 'definition': 'cytotoxicity assay on HepG2'}		{'curie': 'UO:0000064', 'name': 'µM', 'unit_full_name': 'Micromolar'}	{'curie': 'NCIT:C14266', 'name': 'Rats', 'species_name': 'Rattus norvegicus'}	{'curie': 'STATO:0000573', 'name': 'Average', 'statistical_method': 'Average value'}
GNA-NOW_EVT_03	ELN-KE-64289	CPD_0002	BATCH_ID_DGZ159			EVT	EVT@GNA-NOW.com	10/3/2021	Cell	Rats			HepG2_cytotoxicity	GNA-NOW_EVT_cytotoxicity_protocol_v01.pdf		AC50	Average	>	10.0	µM			V (valid)		{'curie': 'NCIT:C12508', 'name': 'Cell'}		{'curie': 'GNA:00012', 'name': 'HepG2_cytotoxicity', 'experimental_type': 'Cytotoxicity assay on HepG2', 'modified_name': 'Cytotoxicity_HepG2', 'definition': 'cytotoxicity assay on HepG2'}		{'curie': 'UO:0000064', 'name': 'µM', 'unit_full_name': 'Micromolar'}	{'curie': 'NCIT:C14266', 'name': 'Rats', 'species_name': 'Rattus norvegicus'}	{'curie': 'STATO:0000573', 'name': 'Average', 'statistical_method': 'Average value'}
GNA-NOW_EVT_03	ELN-KE-64289	CPD_0003	BATCH_ID_MKG248			EVT	EVT@GNA-NOW.com	10/3/2021	Cell	Rats			HepG2_cytotoxicity	GNA-NOW_EVT_cytotoxicity_protocol_v01.pdf		AC50	Average	>	10.0	µM			V (valid)		{'curie': 'NCIT:C12508', 'name': 'Cell'}		{'curie': 'GNA:00012', 'name': 'HepG2_cytotoxicity', 'experimental_type': 'Cytotoxicity assay on HepG2', 'modified_name': 'Cytotoxicity_HepG2', 'definition': 'cytotoxicity assay on HepG2'}		{'curie': 'UO:0000064', 'name': 'µM', 'unit_full_name': 'Micromolar'}	{'curie': 'NCIT:C14266', 'name': 'Rats', 'species_name': 'Rattus norvegicus'}	{'curie': 'STATO:0000573', 'name': 'Average', 'statistical_method': 'Average value'}
GNA-NOW_EVT_03	ELN-KE-64289	CPD_0004	BATCH_ID_BDO149			EVT	EVT@GNA-NOW.com	10/3/2021	Cell	Rats			HepG2_cytotoxicity	GNA-NOW_EVT_cytotoxicity_protocol_v01.pdf		AC50	Average	>	10.0	µM			V (valid)		{'curie': 'NCIT:C12508', 'name': 'Cell'}		{'curie': 'GNA:00012', 'name': 'HepG2_cytotoxicity', 'experimental_type': 'Cytotoxicity assay on HepG2', 'modified_name': 'Cytotoxicity_HepG2', 'definition': 'cytotoxicity assay on HepG2'}		{'curie': 'UO:0000064', 'name': 'µM', 'unit_full_name': 'Micromolar'}	{'curie': 'NCIT:C14266', 'name': 'Rats', 'species_name': 'Rattus norvegicus'}	{'curie': 'STATO:0000573', 'name': 'Average', 'statistical_method': 'Average value'}
GNA-NOW_EVT_03	ELN-KE-64289	CPD_0005	BATCH_ID_JNZ135			EVT	EVT@GNA-NOW.com	10/3/2021	Cell	Rats			HepG2_cytotoxicity	GNA-NOW_EVT_cytotoxicity_protocol_v01.pdf		AC50	Average	>	10.0	µM			V (valid)		{'curie': 'NCIT:C12508', 'name': 'Cell'}		{'curie': 'GNA:00012', 'name': 'HepG2_cytotoxicity', 'experimental_type': 'Cytotoxicity assay on HepG2', 'modified_name': 'Cytotoxicity_HepG2', 'definition': 'cytotoxicity assay on HepG2'}		{'curie': 'UO:0000064', 'name': 'µM', 'unit_full_name': 'Micromolar'}	{'curie': 'NCIT:C14266', 'name': 'Rats', 'species_name': 'Rattus norvegicus'}	{'curie': 'STATO:0000573', 'name': 'Average', 'statistical_method': 'Average value'}
GNA-NOW_EVT_03	ELN-KE-64289	CPD_0006	BATCH_ID_OLA378			EVT	EVT@GNA-NOW.com	10/3/2021	Cell	Rats			HepG2_cytotoxicity	GNA-NOW_EVT_cytotoxicity_protocol_v01.pdf		AC50	Average	>	10.0	µM			V (valid)		{'curie': 'NCIT:C12508', 'name': 'Cell'}		{'curie': 'GNA:00012', 'name': 'HepG2_cytotoxicity', 'experimental_type': 'Cytotoxicity assay on HepG2', 'modified_name': 'Cytotoxicity_HepG2', 'definition': 'cytotoxicity assay on HepG2'}		{'curie': 'UO:0000064', 'name': 'µM', 'unit_full_name': 'Micromolar'}	{'curie': 'NCIT:C14266', 'name': 'Rats', 'species_name': 'Rattus norvegicus'}	{'curie': 'STATO:0000573', 'name': 'Average', 'statistical_method': 'Average value'}
GNA-NOW_EVT_03	ELN-KE-64289	CPD_0007	BATCH_ID_PLA886			EVT	EVT@GNA-NOW.com	10/3/2021	Cell	Rats			HepG2_cytotoxicity	GNA-NOW_EVT_cytotoxicity_protocol_v01.pdf		AC50	Average	>	10.0	µM			V (valid)		{'curie': 'NCIT:C12508', 'name': 'Cell'}		{'curie': 'GNA:00012', 'name': 'HepG2_cytotoxicity', 'experimental_type': 'Cytotoxicity assay on HepG2', 'modified_name': 'Cytotoxicity_HepG2', 'definition': 'cytotoxicity assay on HepG2'}		{'curie': 'UO:0000064', 'name': 'µM', 'unit_full_name': 'Micromolar'}	{'curie': 'NCIT:C14266', 'name': 'Rats', 'species_name': 'Rattus norvegicus'}	{'curie': 'STATO:0000573', 'name': 'Average', 'statistical_method': 'Average value'}
GNA-NOW_EVT_03	ELN-KE-64289	CPD_0008	BATCH_ID_GFR238			EVT	EVT@GNA-NOW.com	10/3/2021	Cell	Rats			HepG2_cytotoxicity	GNA-NOW_EVT_cytotoxicity_protocol_v01.pdf		AC50	Average	>	10.0	µM			V (valid)		{'curie': 'NCIT:C12508', 'name': 'Cell'}		{'curie': 'GNA:00012', 'name': 'HepG2_cytotoxicity', 'experimental_type': 'Cytotoxicity assay on HepG2', 'modified_name': 'Cytotoxicity_HepG2', 'definition': 'cytotoxicity assay on HepG2'}		{'curie': 'UO:0000064', 'name': 'µM', 'unit_full_name': 'Micromolar'}	{'curie': 'NCIT:C14266', 'name': 'Rats', 'species_name': 'Rattus norvegicus'}	{'curie': 'STATO:0000573', 'name': 'Average', 'statistical_method': 'Average value'}
GNA-NOW_EVT_03	ELN-KE-64289	CPD_0009	BATCH_ID_ASV127			EVT	EVT@GNA-NOW.com	10/3/2021	Cell	Rats			HepG2_cytotoxicity	GNA-NOW_EVT_cytotoxicity_protocol_v01.pdf		AC50	Average	>	10.0	µM			V (valid)		{'curie': 'NCIT:C12508', 'name': 'Cell'}		{'curie': 'GNA:00012', 'name': 'HepG2_cytotoxicity', 'experimental_type': 'Cytotoxicity assay on HepG2', 'modified_name': 'Cytotoxicity_HepG2', 'definition': 'cytotoxicity assay on HepG2'}		{'curie': 'UO:0000064', 'name': 'µM', 'unit_full_name': 'Micromolar'}	{'curie': 'NCIT:C14266', 'name': 'Rats', 'species_name': 'Rattus norvegicus'}	{'curie': 'STATO:0000573', 'name': 'Average', 'statistical_method': 'Average value'}
GNA-NOW_EVT_03	ELN-KE-64289	CPD_0010	BATCH_ID_MKL369			EVT	EVT@GNA-NOW.com	10/3/2021	Cell	Rats			HepG2_cytotoxicity	GNA-NOW_EVT_cytotoxicity_protocol_v01.pdf		AC50	Average	>	10.0	µM			V (valid)		{'curie': 'NCIT:C12508', 'name': 'Cell'}		{'curie': 'GNA:00012', 'name': 'HepG2_cytotoxicity', 'experimental_type': 'Cytotoxicity assay on HepG2', 'modified_name': 'Cytotoxicity_HepG2', 'definition': 'cytotoxicity assay on HepG2'}		{'curie': 'UO:0000064', 'name': 'µM', 'unit_full_name': 'Micromolar'}	{'curie': 'NCIT:C14266', 'name': 'Rats', 'species_name': 'Rattus norvegicus'}	{'curie': 'STATO:0000573', 'name': 'Average', 'statistical_method': 'Average value'}
GNA-NOW_NOS_07A	ELN-TR-12859	CPD_0001	BATCH_ID_AYC789	Compound-A-0001	BATCH-AYC	NOS	NOS@GNA-NOW.com	28/1/2021	Bacteria		KLEOX 82917		Membrane_permeabilisation_inner	GNA-NOW_NOS_Membrane_permeabilisation_inner_protocol_v01.pdf		PERCENT	Average	=	0.5875	%	Membrane buffer	positive	V (valid)		{'curie': 'NCBITaxon:2', 'name': 'Bacteria'}	{'curie': 'NBT:82917KLEOX', 'name': 'KLEOX 82917', 'sample': 'Blood', 'category': 'R Quinolone'}	{'curie': 'GNA:00017', 'name': 'Membrane_permeabilisation_inner', 'experimental_type': 'Permeabilization of inner membrane of bacteria', 'modified_name': 'Membrane permeabilisation_inner', 'definition': 'Permeabilization of inner membrane of bacteria'}		{'curie': 'UO:0000187', 'name': '%', 'unit_full_name': 'Percent'}		{'curie': 'STATO:0000573', 'name': 'Average', 'statistical_method': 'Average value'}
GNA-NOW_NOS_07A	ELN-TR-12859	CPD_0002	BATCH_ID_DGZ159			NOS	NOS@GNA-NOW.com	28/1/2021	Bacteria		KLEOX 82917		Membrane_permeabilisation_inner	GNA-NOW_NOS_Membrane_permeabilisation_inner_protocol_v01.pdf		PERCENT	Average	=	0.225	%	Membrane buffer	positive	V (valid)		{'curie': 'NCBITaxon:2', 'name': 'Bacteria'}	{'curie': 'NBT:82917KLEOX', 'name': 'KLEOX 82917', 'sample': 'Blood', 'category': 'R Quinolone'}	{'curie': 'GNA:00017', 'name': 'Membrane_permeabilisation_inner', 'experimental_type': 'Permeabilization of inner membrane of bacteria', 'modified_name': 'Membrane permeabilisation_inner', 'definition': 'Permeabilization of inner membrane of bacteria'}		{'curie': 'UO:0000187', 'name': '%', 'unit_full_name': 'Percent'}		{'curie': 'STATO:0000573', 'name': 'Average', 'statistical_method': 'Average value'}
GNA-NOW_NOS_07A	ELN-TR-12859	CPD_0003	BATCH_ID_MKG248			NOS	NOS@GNA-NOW.com	28/1/2021	Bacteria		KLEOX 82917		Membrane_permeabilisation_inner	GNA-NOW_NOS_Membrane_permeabilisation_inner_protocol_v01.pdf		PERCENT	Average	=	0.325	%	Membrane buffer	positive	V (valid)		{'curie': 'NCBITaxon:2', 'name': 'Bacteria'}	{'curie': 'NBT:82917KLEOX', 'name': 'KLEOX 82917', 'sample': 'Blood', 'category': 'R Quinolone'}	{'curie': 'GNA:00017', 'name': 'Membrane_permeabilisation_inner', 'experimental_type': 'Permeabilization of inner membrane of bacteria', 'modified_name': 'Membrane permeabilisation_inner', 'definition': 'Permeabilization of inner membrane of bacteria'}		{'curie': 'UO:0000187', 'name': '%', 'unit_full_name': 'Percent'}		{'curie': 'STATO:0000573', 'name': 'Average', 'statistical_method': 'Average value'}
GNA-NOW_NOS_07A	ELN-TR-12860	CPD_0001	BATCH_ID_AYC789			NOS	NOS@GNA-NOW.com	29/1/2021	Bacteria				IVTT	GNA-NOW_NOS_IVTT_v01.pdf		IC50	Single value	=	0.938	µM		untreated	V (valid)		{'curie': 'NCBITaxon:2', 'name': 'Bacteria'}		{'curie': 'GNA:00013', 'name': 'IVTT', 'experimental_type': 'in-vitro transcription translation assay', 'modified_name': 'in-vitro transcription translation assay', 'definition': 'vitro transcription/translation assay'}		{'curie': 'UO:0000064', 'name': 'µM', 'unit_full_name': 'Micromolar'}		{'curie': 'NCIT:C25712', 'name': 'Single value', 'statistical_method': 'Value'}
GNA-NOW_NOS_07A	ELN-TR-12860	CPD_0002	BATCH_ID_DGZ159			NOS	NOS@GNA-NOW.com	29/1/2021	Bacteria				IVTT	GNA-NOW_NOS_IVTT_v01.pdf		IC50	Single value	=	0.072525	µM		untreated	V (valid)		{'curie': 'NCBITaxon:2', 'name': 'Bacteria'}		{'curie': 'GNA:00013', 'name': 'IVTT', 'experimental_type': 'in-vitro transcription translation assay', 'modified_name': 'in-vitro transcription translation assay', 'definition': 'vitro transcription/translation assay'}		{'curie': 'UO:0000064', 'name': 'µM', 'unit_full_name': 'Micromolar'}		{'curie': 'NCIT:C25712', 'name': 'Single value', 'statistical_method': 'Value'}
GNA-NOW_NOS_07A	ELN-TR-12860	CPD_0003	BATCH_ID_MKG248			NOS	NOS@GNA-NOW.com	29/1/2021	Bacteria				IVTT	GNA-NOW_NOS_IVTT_v01.pdf		IC50	Single value	=	2.035	µM		untreated	V (valid)		{'curie': 'NCBITaxon:2', 'name': 'Bacteria'}		{'curie': 'GNA:00013', 'name': 'IVTT', 'experimental_type': 'in-vitro transcription translation assay', 'modified_name': 'in-vitro transcription translation assay', 'definition': 'vitro transcription/translation assay'}		{'curie': 'UO:0000064', 'name': 'µM', 'unit_full_name': 'Micromolar'}		{'curie': 'NCIT:C25712', 'name': 'Single value', 'statistical_method': 'Value'}
GNA-NOW_NOS_07A	ELN-TR-12860	CPD_0004	BATCH_ID_BDO149			NOS	NOS@GNA-NOW.com	29/1/2021	Bacteria				IVTT	GNA-NOW_NOS_IVTT_v01.pdf		IC50	Single value	=	0.087225	µM		untreated	V (valid)		{'curie': 'NCBITaxon:2', 'name': 'Bacteria'}		{'curie': 'GNA:00013', 'name': 'IVTT', 'experimental_type': 'in-vitro transcription translation assay', 'modified_name': 'in-vitro transcription translation assay', 'definition': 'vitro transcription/translation assay'}		{'curie': 'UO:0000064', 'name': 'µM', 'unit_full_name': 'Micromolar'}		{'curie': 'NCIT:C25712', 'name': 'Single value', 'statistical_method': 'Value'}
GNA-NOW_NOS_07A	ELN-TR-12860	CPD_0005	BATCH_ID_JNZ135			NOS	NOS@GNA-NOW.com	29/1/2021	Bacteria				IVTT	GNA-NOW_NOS_IVTT_v01.pdf		IC50	Single value	=	4.40625	µM		untreated	V (valid)		{'curie': 'NCBITaxon:2', 'name': 'Bacteria'}		{'curie': 'GNA:00013', 'name': 'IVTT', 'experimental_type': 'in-vitro transcription translation assay', 'modified_name': 'in-vitro transcription translation assay', 'definition': 'vitro transcription/translation assay'}		{'curie': 'UO:0000064', 'name': 'µM', 'unit_full_name': 'Micromolar'}		{'curie': 'NCIT:C25712', 'name': 'Single value', 'statistical_method': 'Value'}
GNA-NOW_NOS_07A	ELN-TR-12860	CPD_0006	BATCH_ID_OLA378			NOS	NOS@GNA-NOW.com	29/1/2021	Bacteria				IVTT	GNA-NOW_NOS_IVTT_v01.pdf		IC50	Single value	=	0.066675	µM		untreated	V (valid)		{'curie': 'NCBITaxon:2', 'name': 'Bacteria'}		{'curie': 'GNA:00013', 'name': 'IVTT', 'experimental_type': 'in-vitro transcription translation assay', 'modified_name': 'in-vitro transcription translation assay', 'definition': 'vitro transcription/translation assay'}		{'curie': 'UO:0000064', 'name': 'µM', 'unit_full_name': 'Micromolar'}		{'curie': 'NCIT:C25712', 'name': 'Single value', 'statistical_method': 'Value'}
GNA-NOW_NOS_07A	ELN-TR-12860	CPD_0007	BATCH_ID_PLA886			NOS	NOS@GNA-NOW.com	29/1/2021	Bacteria				IVTT	GNA-NOW_NOS_IVTT_v01.pdf		IC50	Single value	=	0.063575	µM		untreated	V (valid)		{'curie': 'NCBITaxon:2', 'name': 'Bacteria'}		{'curie': 'GNA:00013', 'name': 'IVTT', 'experimental_type': 'in-vitro transcription translation assay', 'modified_name': 'in-vitro transcription translation assay', 'definition': 'vitro transcription/translation assay'}		{'curie': 'UO:0000064', 'name': 'µM', 'unit_full_name': 'Micromolar'}		{'curie': 'NCIT:C25712', 'name': 'Single value', 'statistical_method': 'Value'}
GNA-NOW_NOS_07A	ELN-TR-12860	CPD_0008	BATCH_ID_GFR238			NOS	NOS@GNA-NOW.com	29/1/2021	Bacteria				IVTT	GNA-NOW_NOS_IVTT_v01.pdf		IC50	Single value	>	5.0	µM		untreated	V (valid)		{'curie': 'NCBITaxon:2', 'name': 'Bacteria'}		{'curie': 'GNA:00013', 'name': 'IVTT', 'experimental_type': 'in-vitro transcription translation assay', 'modified_name': 'in-vitro transcription translation assay', 'definition': 'vitro transcription/translation assay'}		{'curie': 'UO:0000064', 'name': 'µM', 'unit_full_name': 'Micromolar'}		{'curie': 'NCIT:C25712', 'name': 'Single value', 'statistical_method': 'Value'}
GNA-NOW_NOS_07A	ELN-TR-12860	CPD_0009	BATCH_ID_ASV127			NOS	NOS@GNA-NOW.com	29/1/2021	Bacteria				IVTT	GNA-NOW_NOS_IVTT_v01.pdf		IC50	Single value	=	0.10075	µM		untreated	V (valid)		{'curie': 'NCBITaxon:2', 'name': 'Bacteria'}		{'curie': 'GNA:00013', 'name': 'IVTT', 'experimental_type': 'in-vitro transcription translation assay', 'modified_name': 'in-vitro transcription translation assay', 'definition': 'vitro transcription/translation assay'}		{'curie': 'UO:0000064', 'name': 'µM', 'unit_full_name': 'Micromolar'}		{'curie': 'NCIT:C25712', 'name': 'Single value', 'statistical_method': 'Value'}
GNA-NOW_NOS_07A	ELN-TR-12860	CPD_0010	BATCH_ID_MKL369			NOS	NOS@GNA-NOW.com	29/1/2021	Bacteria				IVTT	GNA-NOW_NOS_IVTT_v01.pdf		IC50	Single value	>	5.0	µM		untreated	V (valid)		{'curie': 'NCBITaxon:2', 'name': 'Bacteria'}		{'curie': 'GNA:00013', 'name': 'IVTT', 'experimental_type': 'in-vitro transcription translation assay', 'modified_name': 'in-vitro transcription translation assay', 'definition': 'vitro transcription/translation assay'}		{'curie': 'UO:0000064', 'name': 'µM', 'unit_full_name': 'Micromolar'}		{'curie': 'NCIT:C25712', 'name': 'Single value', 'statistical_method': 'Value'}
GNA-NOW_NOS_07A	ELN-TR-12861	CPD_0001	BATCH_ID_AYC789			NOS	NOS@GNA-NOW.com	15/9/2020	Bacteria		KLEOX 79245		Membrane_permeabilisation_outer	GNA-NOW_NOS_Membrane_permeabilisation_outer_v01.pdf		PERCENT	Average	=	8.8625	%	Membrane buffer	positive	V (valid)		{'curie': 'NCBITaxon:2', 'name': 'Bacteria'}	{'curie': 'NBT:79245KLEOX', 'name': 'KLEOX 79245', 'sample': 'Plueral fluid', 'category': 'Quinolone S'}	{'curie': 'GNA:00018', 'name': 'Membrane_permeabilisation_outer', 'experimental_type': 'Permeabilization of outer membrane of bacteria', 'modified_name': 'Membrane permeabilisation_outer', 'definition': 'Permeabilization of outer membrane of bacteria'}		{'curie': 'UO:0000187', 'name': '%', 'unit_full_name': 'Percent'}		{'curie': 'STATO:0000573', 'name': 'Average', 'statistical_method': 'Average value'}
GNA-NOW_NOS_07A	ELN-TR-12861	CPD_0002	BATCH_ID_DGZ159			NOS	NOS@GNA-NOW.com	15/9/2020	Bacteria		KLEOX 79245		Membrane_permeabilisation_outer	GNA-NOW_NOS_Membrane_permeabilisation_outer_v01.pdf		PERCENT	Average	=	2.7	%	Membrane buffer	positive	V (valid)		{'curie': 'NCBITaxon:2', 'name': 'Bacteria'}	{'curie': 'NBT:79245KLEOX', 'name': 'KLEOX 79245', 'sample': 'Plueral fluid', 'category': 'Quinolone S'}	{'curie': 'GNA:00018', 'name': 'Membrane_permeabilisation_outer', 'experimental_type': 'Permeabilization of outer membrane of bacteria', 'modified_name': 'Membrane permeabilisation_outer', 'definition': 'Permeabilization of outer membrane of bacteria'}		{'curie': 'UO:0000187', 'name': '%', 'unit_full_name': 'Percent'}		{'curie': 'STATO:0000573', 'name': 'Average', 'statistical_method': 'Average value'}
GNA-NOW_NOS_07A	ELN-TR-12861	CPD_0003	BATCH_ID_MKG248			NOS	NOS@GNA-NOW.com	15/9/2020	Bacteria		KLEOX 79245		Membrane_permeabilisation_outer	GNA-NOW_NOS_Membrane_permeabilisation_outer_v01.pdf		PERCENT	Average	=	10.3875	%	Membrane buffer	positive	V (valid)		{'curie': 'NCBITaxon:2', 'name': 'Bacteria'}	{'curie': 'NBT:79245KLEOX', 'name': 'KLEOX 79245', 'sample': 'Plueral fluid', 'category': 'Quinolone S'}	{'curie': 'GNA:00018', 'name': 'Membrane_permeabilisation_outer', 'experimental_type': 'Permeabilization of outer membrane of bacteria', 'modified_name': 'Membrane permeabilisation_outer', 'definition': 'Permeabilization of outer membrane of bacteria'}		{'curie': 'UO:0000187', 'name': '%', 'unit_full_name': 'Percent'}		{'curie': 'STATO:0000573', 'name': 'Average', 'statistical_method': 'Average value'}
GNA-NOW_NOS_07A	ELN-TR-12862	CPD_0001	BATCH_ID_AYC789			NOS	NOS@GNA-NOW.com	2/7/2020	Animal	Mice			Hemolysis	GNA-NOW_NOS_Hemolysis_v01.pdf		PERCENT	Average	=	-0.0600185666	%	Tyrode buffer	untreated	V (valid)		{'curie': 'NCIT:C14182', 'name': 'Animal'}		{'curie': 'EFO:0009473', 'name': 'Hemolysis', 'experimental_type': 'Hemolysis', 'modified_name': 'Hemolysis', 'definition': 'The hemolysis test is used to evaluate the in vitro hemolytic potential of compounds.'}		{'curie': 'UO:0000187', 'name': '%', 'unit_full_name': 'Percent'}	{'curie': 'NCIT:C45247', 'name': 'Mice', 'species_name': 'Mus musculus'}	{'curie': 'STATO:0000573', 'name': 'Average', 'statistical_method': 'Average value'}
GNA-NOW_NOS_07A	ELN-TR-12862	CPD_0002	BATCH_ID_DGZ159			NOS	NOS@GNA-NOW.com	2/7/2020	Animal	Mice			Hemolysis	GNA-NOW_NOS_Hemolysis_v01.pdf		PERCENT	Average	=	-0.01379503352	%	Tyrode buffer	untreated	V (valid)		{'curie': 'NCIT:C14182', 'name': 'Animal'}		{'curie': 'EFO:0009473', 'name': 'Hemolysis', 'experimental_type': 'Hemolysis', 'modified_name': 'Hemolysis', 'definition': 'The hemolysis test is used to evaluate the in vitro hemolytic potential of compounds.'}		{'curie': 'UO:0000187', 'name': '%', 'unit_full_name': 'Percent'}	{'curie': 'NCIT:C45247', 'name': 'Mice', 'species_name': 'Mus musculus'}	{'curie': 'STATO:0000573', 'name': 'Average', 'statistical_method': 'Average value'}
GNA-NOW_NOS_07A	ELN-TR-12862	CPD_0003	BATCH_ID_MKG248			NOS	NOS@GNA-NOW.com	2/7/2020	Animal	Mice			Hemolysis	GNA-NOW_NOS_Hemolysis_v01.pdf		PERCENT	Average	=	0.03797055146	%	Tyrode buffer	untreated	V (valid)		{'curie': 'NCIT:C14182', 'name': 'Animal'}		{'curie': 'EFO:0009473', 'name': 'Hemolysis', 'experimental_type': 'Hemolysis', 'modified_name': 'Hemolysis', 'definition': 'The hemolysis test is used to evaluate the in vitro hemolytic potential of compounds.'}		{'curie': 'UO:0000187', 'name': '%', 'unit_full_name': 'Percent'}	{'curie': 'NCIT:C45247', 'name': 'Mice', 'species_name': 'Mus musculus'}	{'curie': 'STATO:0000573', 'name': 'Average', 'statistical_method': 'Average value'}
GNA-NOW_NOS_07A	ELN-TR-12862	CPD_0004	BATCH_ID_BDO149			NOS	NOS@GNA-NOW.com	2/7/2020	Animal	Mice			Hemolysis	GNA-NOW_NOS_Hemolysis_v01.pdf		PERCENT	Average	=	0.03302854587	%	Tyrode buffer	untreated	V (valid)		{'curie': 'NCIT:C14182', 'name': 'Animal'}		{'curie': 'EFO:0009473', 'name': 'Hemolysis', 'experimental_type': 'Hemolysis', 'modified_name': 'Hemolysis', 'definition': 'The hemolysis test is used to evaluate the in vitro hemolytic potential of compounds.'}		{'curie': 'UO:0000187', 'name': '%', 'unit_full_name': 'Percent'}	{'curie': 'NCIT:C45247', 'name': 'Mice', 'species_name': 'Mus musculus'}	{'curie': 'STATO:0000573', 'name': 'Average', 'statistical_method': 'Average value'}
GNA-NOW_NOS_07A	ELN-TR-12862	CPD_0005	BATCH_ID_JNZ135			NOS	NOS@GNA-NOW.com	2/7/2020	Animal	Mice			Hemolysis	GNA-NOW_NOS_Hemolysis_v01.pdf		PERCENT	Average	=	-0.02179643263	%	Tyrode buffer	untreated	V (valid)		{'curie': 'NCIT:C14182', 'name': 'Animal'}		{'curie': 'EFO:0009473', 'name': 'Hemolysis', 'experimental_type': 'Hemolysis', 'modified_name': 'Hemolysis', 'definition': 'The hemolysis test is used to evaluate the in vitro hemolytic potential of compounds.'}		{'curie': 'UO:0000187', 'name': '%', 'unit_full_name': 'Percent'}	{'curie': 'NCIT:C45247', 'name': 'Mice', 'species_name': 'Mus musculus'}	{'curie': 'STATO:0000573', 'name': 'Average', 'statistical_method': 'Average value'}
GNA-NOW_NOS_07A	ELN-TR-12862	CPD_0006	BATCH_ID_OLA378			NOS	NOS@GNA-NOW.com	2/7/2020	Animal	Mice			Hemolysis	GNA-NOW_NOS_Hemolysis_v01.pdf		PERCENT	Average	=	0.04646128311	%	Tyrode buffer	untreated	V (valid)		{'curie': 'NCIT:C14182', 'name': 'Animal'}		{'curie': 'EFO:0009473', 'name': 'Hemolysis', 'experimental_type': 'Hemolysis', 'modified_name': 'Hemolysis', 'definition': 'The hemolysis test is used to evaluate the in vitro hemolytic potential of compounds.'}		{'curie': 'UO:0000187', 'name': '%', 'unit_full_name': 'Percent'}	{'curie': 'NCIT:C45247', 'name': 'Mice', 'species_name': 'Mus musculus'}	{'curie': 'STATO:0000573', 'name': 'Average', 'statistical_method': 'Average value'}
GNA-NOW_NOS_07A	ELN-TR-12862	CPD_0007	BATCH_ID_PLA886			NOS	NOS@GNA-NOW.com	2/7/2020	Animal	Mice			Hemolysis	GNA-NOW_NOS_Hemolysis_v01.pdf		PERCENT	Average	=	0.04094268348	%	Tyrode buffer	untreated	V (valid)		{'curie': 'NCIT:C14182', 'name': 'Animal'}		{'curie': 'EFO:0009473', 'name': 'Hemolysis', 'experimental_type': 'Hemolysis', 'modified_name': 'Hemolysis', 'definition': 'The hemolysis test is used to evaluate the in vitro hemolytic potential of compounds.'}		{'curie': 'UO:0000187', 'name': '%', 'unit_full_name': 'Percent'}	{'curie': 'NCIT:C45247', 'name': 'Mice', 'species_name': 'Mus musculus'}	{'curie': 'STATO:0000573', 'name': 'Average', 'statistical_method': 'Average value'}
GNA-NOW_NOS_07A	ELN-TR-12862	CPD_0008	BATCH_ID_GFR238			NOS	NOS@GNA-NOW.com	2/7/2020	Animal	Mice			Hemolysis	GNA-NOW_NOS_Hemolysis_v01.pdf		PERCENT	Average	=	0.002153997593	%	Tyrode buffer	untreated	V (valid)		{'curie': 'NCIT:C14182', 'name': 'Animal'}		{'curie': 'EFO:0009473', 'name': 'Hemolysis', 'experimental_type': 'Hemolysis', 'modified_name': 'Hemolysis', 'definition': 'The hemolysis test is used to evaluate the in vitro hemolytic potential of compounds.'}		{'curie': 'UO:0000187', 'name': '%', 'unit_full_name': 'Percent'}	{'curie': 'NCIT:C45247', 'name': 'Mice', 'species_name': 'Mus musculus'}	{'curie': 'STATO:0000573', 'name': 'Average', 'statistical_method': 'Average value'}
GNA-NOW_NOS_07A	ELN-TR-12862	CPD_0009	BATCH_ID_ASV127			NOS	NOS@GNA-NOW.com	2/7/2020	Animal	Mice			Hemolysis	GNA-NOW_NOS_Hemolysis_v01.pdf		PERCENT	Average	=	-0.03624335839	%	Tyrode buffer	untreated	V (valid)		{'curie': 'NCIT:C14182', 'name': 'Animal'}		{'curie': 'EFO:0009473', 'name': 'Hemolysis', 'experimental_type': 'Hemolysis', 'modified_name': 'Hemolysis', 'definition': 'The hemolysis test is used to evaluate the in vitro hemolytic potential of compounds.'}		{'curie': 'UO:0000187', 'name': '%', 'unit_full_name': 'Percent'}	{'curie': 'NCIT:C45247', 'name': 'Mice', 'species_name': 'Mus musculus'}	{'curie': 'STATO:0000573', 'name': 'Average', 'statistical_method': 'Average value'}
GNA-NOW_NOS_07A	ELN-TR-12862	CPD_0010	BATCH_ID_MKL369			NOS	NOS@GNA-NOW.com	2/7/2020	Animal	Mice			Hemolysis	GNA-NOW_NOS_Hemolysis_v01.pdf		PERCENT	Average	=	-0.01827737848	%	Tyrode buffer	untreated	V (valid)		{'curie': 'NCIT:C14182', 'name': 'Animal'}		{'curie': 'EFO:0009473', 'name': 'Hemolysis', 'experimental_type': 'Hemolysis', 'modified_name': 'Hemolysis', 'definition': 'The hemolysis test is used to evaluate the in vitro hemolytic potential of compounds.'}		{'curie': 'UO:0000187', 'name': '%', 'unit_full_name': 'Percent'}	{'curie': 'NCIT:C45247', 'name': 'Mice', 'species_name': 'Mus musculus'}	{'curie': 'STATO:0000573', 'name': 'Average', 'statistical_method': 'Average value'}
GNA-NOW_NBT_03	ELN-ND-55489	CPD_0001	BATCH_ID_AYC789			NBT	NBT@GNA-NOW.com	11/8/2021	Bacteria		ACIBA 19606		MIC	GNA-NOW_NBT_MIC_v01.pdf		MIC	Single value	=	64.0	mg/L	MHB2		V (valid)		{'curie': 'NCBITaxon:2', 'name': 'Bacteria'}	{'curie': nan, 'name': 'ACIBA 19606', 'sample': nan, 'category': nan}	{'curie': 'ARO:3004370', 'name': 'MIC', 'experimental_type': 'Minimum inhibitory concentration (MIC)', 'modified_name': 'MIC', 'definition': 'Minimal Inhibitory Concentration'}	{'curie': 'SIGMA:90922', 'name': 'MHB2', 'medium_acronym': 'MHB2', 'medium_name': 'Mueller Hinton Broth 2 (MHB2)', 'medium_pH': nan, 'medium_additives': nan}	{'curie': 'UO:0000273', 'name': 'mg/L', 'unit_full_name': 'Milligram per liter'}		{'curie': 'NCIT:C25712', 'name': 'Single value', 'statistical_method': 'Value'}
GNA-NOW_NBT_03	ELN-ND-55489	CPD_0002	BATCH_ID_DGZ159			NBT	NBT@GNA-NOW.com	11/8/2021	Bacteria		ACIBA 19606		MIC	GNA-NOW_NBT_MIC_v01.pdf		MIC	Single value	>	64.0	mg/L	MHB2		V (valid)		{'curie': 'NCBITaxon:2', 'name': 'Bacteria'}	{'curie': nan, 'name': 'ACIBA 19606', 'sample': nan, 'category': nan}	{'curie': 'ARO:3004370', 'name': 'MIC', 'experimental_type': 'Minimum inhibitory concentration (MIC)', 'modified_name': 'MIC', 'definition': 'Minimal Inhibitory Concentration'}	{'curie': 'SIGMA:90922', 'name': 'MHB2', 'medium_acronym': 'MHB2', 'medium_name': 'Mueller Hinton Broth 2 (MHB2)', 'medium_pH': nan, 'medium_additives': nan}	{'curie': 'UO:0000273', 'name': 'mg/L', 'unit_full_name': 'Milligram per liter'}		{'curie': 'NCIT:C25712', 'name': 'Single value', 'statistical_method': 'Value'}
GNA-NOW_NBT_03	ELN-ND-55489	CPD_0003	BATCH_ID_MKG248			NBT	NBT@GNA-NOW.com	11/8/2021	Bacteria		ACIBA 19606		MIC	GNA-NOW_NBT_MIC_v01.pdf		MIC	Single value	=	0.5	mg/L	MHB2		V (valid)		{'curie': 'NCBITaxon:2', 'name': 'Bacteria'}	{'curie': nan, 'name': 'ACIBA 19606', 'sample': nan, 'category': nan}	{'curie': 'ARO:3004370', 'name': 'MIC', 'experimental_type': 'Minimum inhibitory concentration (MIC)', 'modified_name': 'MIC', 'definition': 'Minimal Inhibitory Concentration'}	{'curie': 'SIGMA:90922', 'name': 'MHB2', 'medium_acronym': 'MHB2', 'medium_name': 'Mueller Hinton Broth 2 (MHB2)', 'medium_pH': nan, 'medium_additives': nan}	{'curie': 'UO:0000273', 'name': 'mg/L', 'unit_full_name': 'Milligram per liter'}		{'curie': 'NCIT:C25712', 'name': 'Single value', 'statistical_method': 'Value'}
GNA-NOW_NBT_03	ELN-ND-55489	CPD_0004	BATCH_ID_BDO149			NBT	NBT@GNA-NOW.com	11/8/2021	Bacteria		ACIBA 19606		MIC	GNA-NOW_NBT_MIC_v01.pdf		MIC	Single value	=	64.0	mg/L	MHB2		V (valid)		{'curie': 'NCBITaxon:2', 'name': 'Bacteria'}	{'curie': nan, 'name': 'ACIBA 19606', 'sample': nan, 'category': nan}	{'curie': 'ARO:3004370', 'name': 'MIC', 'experimental_type': 'Minimum inhibitory concentration (MIC)', 'modified_name': 'MIC', 'definition': 'Minimal Inhibitory Concentration'}	{'curie': 'SIGMA:90922', 'name': 'MHB2', 'medium_acronym': 'MHB2', 'medium_name': 'Mueller Hinton Broth 2 (MHB2)', 'medium_pH': nan, 'medium_additives': nan}	{'curie': 'UO:0000273', 'name': 'mg/L', 'unit_full_name': 'Milligram per liter'}		{'curie': 'NCIT:C25712', 'name': 'Single value', 'statistical_method': 'Value'}
GNA-NOW_NBT_03	ELN-ND-55489	CPD_0005	BATCH_ID_JNZ135			NBT	NBT@GNA-NOW.com	11/8/2021	Bacteria		ACIBA 19606		MIC	GNA-NOW_NBT_MIC_v01.pdf		MIC	Single value	>	64.0	mg/L	MHB2		V (valid)		{'curie': 'NCBITaxon:2', 'name': 'Bacteria'}	{'curie': nan, 'name': 'ACIBA 19606', 'sample': nan, 'category': nan}	{'curie': 'ARO:3004370', 'name': 'MIC', 'experimental_type': 'Minimum inhibitory concentration (MIC)', 'modified_name': 'MIC', 'definition': 'Minimal Inhibitory Concentration'}	{'curie': 'SIGMA:90922', 'name': 'MHB2', 'medium_acronym': 'MHB2', 'medium_name': 'Mueller Hinton Broth 2 (MHB2)', 'medium_pH': nan, 'medium_additives': nan}	{'curie': 'UO:0000273', 'name': 'mg/L', 'unit_full_name': 'Milligram per liter'}		{'curie': 'NCIT:C25712', 'name': 'Single value', 'statistical_method': 'Value'}
GNA-NOW_NBT_03	ELN-ND-55490	CPD_0006	BATCH_ID_OLA378			NBT	NBT@GNA-NOW.com	11/8/2021	Bacteria		ACIBA 19606		MIC	GNA-NOW_NBT_MIC_v01.pdf		MIC	Single value	=	1.0	mg/L	MHB2		V (valid)		{'curie': 'NCBITaxon:2', 'name': 'Bacteria'}	{'curie': nan, 'name': 'ACIBA 19606', 'sample': nan, 'category': nan}	{'curie': 'ARO:3004370', 'name': 'MIC', 'experimental_type': 'Minimum inhibitory concentration (MIC)', 'modified_name': 'MIC', 'definition': 'Minimal Inhibitory Concentration'}	{'curie': 'SIGMA:90922', 'name': 'MHB2', 'medium_acronym': 'MHB2', 'medium_name': 'Mueller Hinton Broth 2 (MHB2)', 'medium_pH': nan, 'medium_additives': nan}	{'curie': 'UO:0000273', 'name': 'mg/L', 'unit_full_name': 'Milligram per liter'}		{'curie': 'NCIT:C25712', 'name': 'Single value', 'statistical_method': 'Value'}
GNA-NOW_NBT_03	ELN-ND-55490	CPD_0007	BATCH_ID_PLA886			NBT	NBT@GNA-NOW.com	11/8/2021	Bacteria		ACIBA 19606		MIC	GNA-NOW_NBT_MIC_v01.pdf		MIC	Single value	>	64.0	mg/L	MHB2		V (valid)		{'curie': 'NCBITaxon:2', 'name': 'Bacteria'}	{'curie': nan, 'name': 'ACIBA 19606', 'sample': nan, 'category': nan}	{'curie': 'ARO:3004370', 'name': 'MIC', 'experimental_type': 'Minimum inhibitory concentration (MIC)', 'modified_name': 'MIC', 'definition': 'Minimal Inhibitory Concentration'}	{'curie': 'SIGMA:90922', 'name': 'MHB2', 'medium_acronym': 'MHB2', 'medium_name': 'Mueller Hinton Broth 2 (MHB2)', 'medium_pH': nan, 'medium_additives': nan}	{'curie': 'UO:0000273', 'name': 'mg/L', 'unit_full_name': 'Milligram per liter'}		{'curie': 'NCIT:C25712', 'name': 'Single value', 'statistical_method': 'Value'}
GNA-NOW_NBT_03	ELN-ND-55490	CPD_0008	BATCH_ID_GFR238			NBT	NBT@GNA-NOW.com	11/8/2021	Bacteria		ACIBA 19606		MIC	GNA-NOW_NBT_MIC_v01.pdf		MIC	Single value	=	2.0	mg/L	MHB2		V (valid)		{'curie': 'NCBITaxon:2', 'name': 'Bacteria'}	{'curie': nan, 'name': 'ACIBA 19606', 'sample': nan, 'category': nan}	{'curie': 'ARO:3004370', 'name': 'MIC', 'experimental_type': 'Minimum inhibitory concentration (MIC)', 'modified_name': 'MIC', 'definition': 'Minimal Inhibitory Concentration'}	{'curie': 'SIGMA:90922', 'name': 'MHB2', 'medium_acronym': 'MHB2', 'medium_name': 'Mueller Hinton Broth 2 (MHB2)', 'medium_pH': nan, 'medium_additives': nan}	{'curie': 'UO:0000273', 'name': 'mg/L', 'unit_full_name': 'Milligram per liter'}		{'curie': 'NCIT:C25712', 'name': 'Single value', 'statistical_method': 'Value'}
GNA-NOW_NBT_03	ELN-ND-55490	CPD_0009	BATCH_ID_ASV127			NBT	NBT@GNA-NOW.com	11/8/2021	Bacteria		ACIBA 19606		MIC	GNA-NOW_NBT_MIC_v01.pdf		MIC	Single value	=	2.0	mg/L	MHB2		V (valid)		{'curie': 'NCBITaxon:2', 'name': 'Bacteria'}	{'curie': nan, 'name': 'ACIBA 19606', 'sample': nan, 'category': nan}	{'curie': 'ARO:3004370', 'name': 'MIC', 'experimental_type': 'Minimum inhibitory concentration (MIC)', 'modified_name': 'MIC', 'definition': 'Minimal Inhibitory Concentration'}	{'curie': 'SIGMA:90922', 'name': 'MHB2', 'medium_acronym': 'MHB2', 'medium_name': 'Mueller Hinton Broth 2 (MHB2)', 'medium_pH': nan, 'medium_additives': nan}	{'curie': 'UO:0000273', 'name': 'mg/L', 'unit_full_name': 'Milligram per liter'}		{'curie': 'NCIT:C25712', 'name': 'Single value', 'statistical_method': 'Value'}
GNA-NOW_NBT_03	ELN-ND-55490	CPD_0010	BATCH_ID_MKL369			NBT	NBT@GNA-NOW.com	11/8/2021	Bacteria		ACIBA 19606		MIC	GNA-NOW_NBT_MIC_v01.pdf		MIC	Single value	=	4.0	mg/L	MHB2		V (valid)		{'curie': 'NCBITaxon:2', 'name': 'Bacteria'}	{'curie': nan, 'name': 'ACIBA 19606', 'sample': nan, 'category': nan}	{'curie': 'ARO:3004370', 'name': 'MIC', 'experimental_type': 'Minimum inhibitory concentration (MIC)', 'modified_name': 'MIC', 'definition': 'Minimal Inhibitory Concentration'}	{'curie': 'SIGMA:90922', 'name': 'MHB2', 'medium_acronym': 'MHB2', 'medium_name': 'Mueller Hinton Broth 2 (MHB2)', 'medium_pH': nan, 'medium_additives': nan}	{'curie': 'UO:0000273', 'name': 'mg/L', 'unit_full_name': 'Milligram per liter'}		{'curie': 'NCIT:C25712', 'name': 'Single value', 'statistical_method': 'Value'}
GNA-NOW_NBT_03	ELN-ND-55491	CPD_0011	BATCH_ID_OIK584			NBT	NBT@GNA-NOW.com	11/8/2021	Bacteria		ACIBA 19606		MIC	GNA-NOW_NBT_MIC_v01.pdf		MIC	Single value	>	64.0	mg/L	MHB2		V (valid)		{'curie': 'NCBITaxon:2', 'name': 'Bacteria'}	{'curie': nan, 'name': 'ACIBA 19606', 'sample': nan, 'category': nan}	{'curie': 'ARO:3004370', 'name': 'MIC', 'experimental_type': 'Minimum inhibitory concentration (MIC)', 'modified_name': 'MIC', 'definition': 'Minimal Inhibitory Concentration'}	{'curie': 'SIGMA:90922', 'name': 'MHB2', 'medium_acronym': 'MHB2', 'medium_name': 'Mueller Hinton Broth 2 (MHB2)', 'medium_pH': nan, 'medium_additives': nan}	{'curie': 'UO:0000273', 'name': 'mg/L', 'unit_full_name': 'Milligram per liter'}		{'curie': 'NCIT:C25712', 'name': 'Single value', 'statistical_method': 'Value'}
GNA-NOW_NBT_03	ELN-ND-55491	CPD_0012	BATCH_ID_HDU567			NBT	NBT@GNA-NOW.com	11/8/2021	Bacteria		ACIBA 19606		MIC	GNA-NOW_NBT_MIC_v01.pdf		MIC	Single value	=	2.0	mg/L	MHB2		V (valid)		{'curie': 'NCBITaxon:2', 'name': 'Bacteria'}	{'curie': nan, 'name': 'ACIBA 19606', 'sample': nan, 'category': nan}	{'curie': 'ARO:3004370', 'name': 'MIC', 'experimental_type': 'Minimum inhibitory concentration (MIC)', 'modified_name': 'MIC', 'definition': 'Minimal Inhibitory Concentration'}	{'curie': 'SIGMA:90922', 'name': 'MHB2', 'medium_acronym': 'MHB2', 'medium_name': 'Mueller Hinton Broth 2 (MHB2)', 'medium_pH': nan, 'medium_additives': nan}	{'curie': 'UO:0000273', 'name': 'mg/L', 'unit_full_name': 'Milligram per liter'}		{'curie': 'NCIT:C25712', 'name': 'Single value', 'statistical_method': 'Value'}
GNA-NOW_NBT_03	ELN-ND-55491	CPD_0013	BATCH_ID_ADP734			NBT	NBT@GNA-NOW.com	11/8/2021	Bacteria		ACIBA 19606		MIC	GNA-NOW_NBT_MIC_v01.pdf		MIC	Single value	>	64.0	mg/L	MHB2		V (valid)		{'curie': 'NCBITaxon:2', 'name': 'Bacteria'}	{'curie': nan, 'name': 'ACIBA 19606', 'sample': nan, 'category': nan}	{'curie': 'ARO:3004370', 'name': 'MIC', 'experimental_type': 'Minimum inhibitory concentration (MIC)', 'modified_name': 'MIC', 'definition': 'Minimal Inhibitory Concentration'}	{'curie': 'SIGMA:90922', 'name': 'MHB2', 'medium_acronym': 'MHB2', 'medium_name': 'Mueller Hinton Broth 2 (MHB2)', 'medium_pH': nan, 'medium_additives': nan}	{'curie': 'UO:0000273', 'name': 'mg/L', 'unit_full_name': 'Milligram per liter'}		{'curie': 'NCIT:C25712', 'name': 'Single value', 'statistical_method': 'Value'}
GNA-NOW_NBT_03	ELN-ND-55491	CPD_0014	BATCH_ID_PLS585	Compound-K-0014	BATCH-PLS	NBT	NBT@GNA-NOW.com	11/8/2021	Bacteria		ACIBA 69105		MIC	GNA-NOW_NBT_MIC_v01.pdf		MIC	Single value	=	2.0	mg/L	MHB2		V (valid)		{'curie': 'NCBITaxon:2', 'name': 'Bacteria'}	{'curie': 'NBT:69105ACIBA', 'name': 'ACIBA 69105', 'sample': 'Blood', 'category': 'CARBR'}	{'curie': 'ARO:3004370', 'name': 'MIC', 'experimental_type': 'Minimum inhibitory concentration (MIC)', 'modified_name': 'MIC', 'definition': 'Minimal Inhibitory Concentration'}	{'curie': 'SIGMA:90922', 'name': 'MHB2', 'medium_acronym': 'MHB2', 'medium_name': 'Mueller Hinton Broth 2 (MHB2)', 'medium_pH': nan, 'medium_additives': nan}	{'curie': 'UO:0000273', 'name': 'mg/L', 'unit_full_name': 'Milligram per liter'}		{'curie': 'NCIT:C25712', 'name': 'Single value', 'statistical_method': 'Value'}
GNA-NOW_NBT_03	ELN-ND-55491	CPD_0015	BATCH_ID_SDZ617			NBT	NBT@GNA-NOW.com	11/8/2021	Bacteria		ACIBA 69105		MIC	GNA-NOW_NBT_MIC_v01.pdf		MIC	Single value	=	64.0	mg/L	MHB2		V (valid)		{'curie': 'NCBITaxon:2', 'name': 'Bacteria'}	{'curie': 'NBT:69105ACIBA', 'name': 'ACIBA 69105', 'sample': 'Blood', 'category': 'CARBR'}	{'curie': 'ARO:3004370', 'name': 'MIC', 'experimental_type': 'Minimum inhibitory concentration (MIC)', 'modified_name': 'MIC', 'definition': 'Minimal Inhibitory Concentration'}	{'curie': 'SIGMA:90922', 'name': 'MHB2', 'medium_acronym': 'MHB2', 'medium_name': 'Mueller Hinton Broth 2 (MHB2)', 'medium_pH': nan, 'medium_additives': nan}	{'curie': 'UO:0000273', 'name': 'mg/L', 'unit_full_name': 'Milligram per liter'}		{'curie': 'NCIT:C25712', 'name': 'Single value', 'statistical_method': 'Value'}
GNA-NOW_HZI_02B	ELN-FU-63287	CPD_0001	BATCH_ID_AYC789			HZI	HZI@GNA-NOW.com	17/3/2020	Bacteria		PSEAE PA01		Accumulation	GNA-NOW_HZI_Accumulation_v01.pdf		Amount_cpd_in_fraction_Whole_Cell	Average	=	0.0	pmol/ 100 µl bacterial culture	MHB2		NV (non valid)	value too low, not higher than background	{'curie': 'NCBITaxon:2', 'name': 'Bacteria'}	{'curie': nan, 'name': 'PSEAE PA01', 'sample': nan, 'category': nan}	{'curie': 'GNA:00009', 'name': 'Accumulation', 'experimental_type': 'Accumulation', 'modified_name': 'Accumulation', 'definition': 'intracellular compound accumulation'}	{'curie': 'SIGMA:90922', 'name': 'MHB2', 'medium_acronym': 'MHB2', 'medium_name': 'Mueller Hinton Broth 2 (MHB2)', 'medium_pH': nan, 'medium_additives': nan}	{'curie': 'GNA:00007', 'name': 'pmol/ 100 µl bacterial culture', 'unit_full_name': 'pmol/ 100 µl bacterial culture'}		{'curie': 'STATO:0000573', 'name': 'Average', 'statistical_method': 'Average value'}
GNA-NOW_HZI_02B	ELN-FU-63287	CPD_0002	BATCH_ID_DGZ159			HZI	HZI@GNA-NOW.com	17/3/2020	Bacteria		PSEAE PA01		Accumulation	GNA-NOW_HZI_Accumulation_v01.pdf		Amount_cpd_in_fraction_Whole_Cell	Average	=	1.126844558	pmol/ 100 µl bacterial culture	MHB2		V (valid)		{'curie': 'NCBITaxon:2', 'name': 'Bacteria'}	{'curie': nan, 'name': 'PSEAE PA01', 'sample': nan, 'category': nan}	{'curie': 'GNA:00009', 'name': 'Accumulation', 'experimental_type': 'Accumulation', 'modified_name': 'Accumulation', 'definition': 'intracellular compound accumulation'}	{'curie': 'SIGMA:90922', 'name': 'MHB2', 'medium_acronym': 'MHB2', 'medium_name': 'Mueller Hinton Broth 2 (MHB2)', 'medium_pH': nan, 'medium_additives': nan}	{'curie': 'GNA:00007', 'name': 'pmol/ 100 µl bacterial culture', 'unit_full_name': 'pmol/ 100 µl bacterial culture'}		{'curie': 'STATO:0000573', 'name': 'Average', 'statistical_method': 'Average value'}
GNA-NOW_HZI_02B	ELN-FU-63287	CPD_0003	BATCH_ID_MKG248			HZI	HZI@GNA-NOW.com	17/3/2020	Bacteria		PSEAE PA01		Accumulation	GNA-NOW_HZI_Accumulation_v01.pdf		Amount_cpd_in_fraction_Whole_Cell	Average	=	0.8185927206	pmol/ 100 µl bacterial culture	MHB2		V (valid)		{'curie': 'NCBITaxon:2', 'name': 'Bacteria'}	{'curie': nan, 'name': 'PSEAE PA01', 'sample': nan, 'category': nan}	{'curie': 'GNA:00009', 'name': 'Accumulation', 'experimental_type': 'Accumulation', 'modified_name': 'Accumulation', 'definition': 'intracellular compound accumulation'}	{'curie': 'SIGMA:90922', 'name': 'MHB2', 'medium_acronym': 'MHB2', 'medium_name': 'Mueller Hinton Broth 2 (MHB2)', 'medium_pH': nan, 'medium_additives': nan}	{'curie': 'GNA:00007', 'name': 'pmol/ 100 µl bacterial culture', 'unit_full_name': 'pmol/ 100 µl bacterial culture'}		{'curie': 'STATO:0000573', 'name': 'Average', 'statistical_method': 'Average value'}
GNA-NOW_HZI_02B	ELN-FU-63287	CPD_0004	BATCH_ID_BDO149			HZI	HZI@GNA-NOW.com	17/3/2020	Bacteria		PSEAE PA01		Accumulation	GNA-NOW_HZI_Accumulation_v01.pdf		Amount_cpd_in_fraction_Whole_Cell	Average	=	1.238290723e-07	pmol/ 100 µl bacterial culture	MHB2		V (valid)		{'curie': 'NCBITaxon:2', 'name': 'Bacteria'}	{'curie': nan, 'name': 'PSEAE PA01', 'sample': nan, 'category': nan}	{'curie': 'GNA:00009', 'name': 'Accumulation', 'experimental_type': 'Accumulation', 'modified_name': 'Accumulation', 'definition': 'intracellular compound accumulation'}	{'curie': 'SIGMA:90922', 'name': 'MHB2', 'medium_acronym': 'MHB2', 'medium_name': 'Mueller Hinton Broth 2 (MHB2)', 'medium_pH': nan, 'medium_additives': nan}	{'curie': 'GNA:00007', 'name': 'pmol/ 100 µl bacterial culture', 'unit_full_name': 'pmol/ 100 µl bacterial culture'}		{'curie': 'STATO:0000573', 'name': 'Average', 'statistical_method': 'Average value'}
GNA-NOW_HZI_02B	ELN-FU-63287	CPD_0005	BATCH_ID_JNZ135			HZI	HZI@GNA-NOW.com	17/3/2020	Bacteria		PSEAE PA01		Accumulation	GNA-NOW_HZI_Accumulation_v01.pdf		Amount_cpd_in_fraction_Whole_Cell	Average	=	1.122716922	pmol/ 100 µl bacterial culture	MHB2		V (valid)		{'curie': 'NCBITaxon:2', 'name': 'Bacteria'}	{'curie': nan, 'name': 'PSEAE PA01', 'sample': nan, 'category': nan}	{'curie': 'GNA:00009', 'name': 'Accumulation', 'experimental_type': 'Accumulation', 'modified_name': 'Accumulation', 'definition': 'intracellular compound accumulation'}	{'curie': 'SIGMA:90922', 'name': 'MHB2', 'medium_acronym': 'MHB2', 'medium_name': 'Mueller Hinton Broth 2 (MHB2)', 'medium_pH': nan, 'medium_additives': nan}	{'curie': 'GNA:00007', 'name': 'pmol/ 100 µl bacterial culture', 'unit_full_name': 'pmol/ 100 µl bacterial culture'}		{'curie': 'STATO:0000573', 'name': 'Average', 'statistical_method': 'Average value'}
GNA-NOW_HZI_02B	ELN-FU-63288	CPD_0001	BATCH_ID_AYC789			HZI	HZI@GNA-NOW.com	3/8/2020	Bacteria		ESCCO 25922		Fractionation	GNA-NOW_HZI_Fractionation_v01.pdf		Amount_cpd_in_fraction_Periplasm	Average	=	15.99961025	pmol/ 5 ml bacterial culture	MHB2 pH adjusted 5.0		V (valid)		{'curie': 'NCBITaxon:2', 'name': 'Bacteria'}	{'curie': nan, 'name': 'ESCCO 25922', 'sample': nan, 'category': nan}	{'curie': 'GNA:00011', 'name': 'Fractionation', 'experimental_type': 'Fractionation', 'modified_name': 'Fractionation', 'definition': 'quantification of intracellular antibiotic concentrations'}	{'curie': 'SIGMA:90922', 'name': 'MHB2 pH adjusted 5.0', 'medium_acronym': 'MHB2', 'medium_name': 'Mueller Hinton Broth 2 (MHB2)', 'medium_pH': 5.0, 'medium_additives': nan}	{'curie': 'GNA:00008', 'name': 'pmol/ 5 ml bacterial culture', 'unit_full_name': 'pmol/ 5 ml bacterial culture'}		{'curie': 'STATO:0000573', 'name': 'Average', 'statistical_method': 'Average value'}
GNA-NOW_HZI_02B	ELN-FU-63288	CPD_0002	BATCH_ID_DGZ159			HZI	HZI@GNA-NOW.com	3/8/2020	Bacteria		ESCCO 25922		Fractionation	GNA-NOW_HZI_Fractionation_v01.pdf		Amount_cpd_in_fraction_Cytoplasm	Average	=	119.2476244	pmol/ 5 ml bacterial culture	MHB2 pH adjusted 5.0		V (valid)		{'curie': 'NCBITaxon:2', 'name': 'Bacteria'}	{'curie': nan, 'name': 'ESCCO 25922', 'sample': nan, 'category': nan}	{'curie': 'GNA:00011', 'name': 'Fractionation', 'experimental_type': 'Fractionation', 'modified_name': 'Fractionation', 'definition': 'quantification of intracellular antibiotic concentrations'}	{'curie': 'SIGMA:90922', 'name': 'MHB2 pH adjusted 5.0', 'medium_acronym': 'MHB2', 'medium_name': 'Mueller Hinton Broth 2 (MHB2)', 'medium_pH': 5.0, 'medium_additives': nan}	{'curie': 'GNA:00008', 'name': 'pmol/ 5 ml bacterial culture', 'unit_full_name': 'pmol/ 5 ml bacterial culture'}		{'curie': 'STATO:0000573', 'name': 'Average', 'statistical_method': 'Average value'}
GNA-NOW_HZI_02B	ELN-FU-63288	CPD_0003	BATCH_ID_MKG248			HZI	HZI@GNA-NOW.com	3/8/2020	Bacteria		ESCCO 25922		Fractionation	GNA-NOW_HZI_Fractionation_v01.pdf		Amount_cpd_in_fraction_Membrane	Average	=	33.89189448	pmol/ 5 ml bacterial culture	MHB2 pH adjusted 5.0		V (valid)		{'curie': 'NCBITaxon:2', 'name': 'Bacteria'}	{'curie': nan, 'name': 'ESCCO 25922', 'sample': nan, 'category': nan}	{'curie': 'GNA:00011', 'name': 'Fractionation', 'experimental_type': 'Fractionation', 'modified_name': 'Fractionation', 'definition': 'quantification of intracellular antibiotic concentrations'}	{'curie': 'SIGMA:90922', 'name': 'MHB2 pH adjusted 5.0', 'medium_acronym': 'MHB2', 'medium_name': 'Mueller Hinton Broth 2 (MHB2)', 'medium_pH': 5.0, 'medium_additives': nan}	{'curie': 'GNA:00008', 'name': 'pmol/ 5 ml bacterial culture', 'unit_full_name': 'pmol/ 5 ml bacterial culture'}		{'curie': 'STATO:0000573', 'name': 'Average', 'statistical_method': 'Average value'}
GNA-NOW_HZI_02B	ELN-FU-63288	CPD_0004	BATCH_ID_BDO149			HZI	HZI@GNA-NOW.com	3/8/2020	Bacteria		ESCCO 25922		Fractionation	GNA-NOW_HZI_Fractionation_v01.pdf		Amount_cpd_in_fraction_SumFractions	Average	=	169.1390711	pmol/ 5 ml bacterial culture	MHB2 pH adjusted 5.0		V (valid)		{'curie': 'NCBITaxon:2', 'name': 'Bacteria'}	{'curie': nan, 'name': 'ESCCO 25922', 'sample': nan, 'category': nan}	{'curie': 'GNA:00011', 'name': 'Fractionation', 'experimental_type': 'Fractionation', 'modified_name': 'Fractionation', 'definition': 'quantification of intracellular antibiotic concentrations'}	{'curie': 'SIGMA:90922', 'name': 'MHB2 pH adjusted 5.0', 'medium_acronym': 'MHB2', 'medium_name': 'Mueller Hinton Broth 2 (MHB2)', 'medium_pH': 5.0, 'medium_additives': nan}	{'curie': 'GNA:00008', 'name': 'pmol/ 5 ml bacterial culture', 'unit_full_name': 'pmol/ 5 ml bacterial culture'}		{'curie': 'STATO:0000573', 'name': 'Average', 'statistical_method': 'Average value'}
GNA-NOW_HZI_02B	ELN-FU-63288	CPD_0005	BATCH_ID_JNZ135			HZI	HZI@GNA-NOW.com	3/8/2020	Bacteria		ESCCO 25922		Fractionation	GNA-NOW_HZI_Fractionation_v01.pdf		Amount_cpd_in_fraction_Whole_Cell	Average	=	175.8169817	pmol/ 5 ml bacterial culture	MHB2 pH adjusted 5.0		V (valid)		{'curie': 'NCBITaxon:2', 'name': 'Bacteria'}	{'curie': nan, 'name': 'ESCCO 25922', 'sample': nan, 'category': nan}	{'curie': 'GNA:00011', 'name': 'Fractionation', 'experimental_type': 'Fractionation', 'modified_name': 'Fractionation', 'definition': 'quantification of intracellular antibiotic concentrations'}	{'curie': 'SIGMA:90922', 'name': 'MHB2 pH adjusted 5.0', 'medium_acronym': 'MHB2', 'medium_name': 'Mueller Hinton Broth 2 (MHB2)', 'medium_pH': 5.0, 'medium_additives': nan}	{'curie': 'GNA:00008', 'name': 'pmol/ 5 ml bacterial culture', 'unit_full_name': 'pmol/ 5 ml bacterial culture'}		{'curie': 'STATO:0000573', 'name': 'Average', 'statistical_method': 'Average value'}
GNA-NOW_HZI_02B	ELN-FU-63289	CPD_0001	BATCH_ID_AYC789			HZI	HZI@GNA-NOW.com	3/8/2020	Bacteria		ESCCO 25922		Fractionation	GNA-NOW_HZI_Fractionation_v01.pdf		Amount_cpd_in_fraction_Periplasm	Average	=	23.2237477	pmol/ 5 ml bacterial culture	MHB2		V (valid)		{'curie': 'NCBITaxon:2', 'name': 'Bacteria'}	{'curie': nan, 'name': 'ESCCO 25922', 'sample': nan, 'category': nan}	{'curie': 'GNA:00011', 'name': 'Fractionation', 'experimental_type': 'Fractionation', 'modified_name': 'Fractionation', 'definition': 'quantification of intracellular antibiotic concentrations'}	{'curie': 'SIGMA:90922', 'name': 'MHB2', 'medium_acronym': 'MHB2', 'medium_name': 'Mueller Hinton Broth 2 (MHB2)', 'medium_pH': nan, 'medium_additives': nan}	{'curie': 'GNA:00008', 'name': 'pmol/ 5 ml bacterial culture', 'unit_full_name': 'pmol/ 5 ml bacterial culture'}		{'curie': 'STATO:0000573', 'name': 'Average', 'statistical_method': 'Average value'}
GNA-NOW_HZI_02B	ELN-FU-63289	CPD_0002	BATCH_ID_DGZ159			HZI	HZI@GNA-NOW.com	3/8/2020	Bacteria		ESCCO 25922		Fractionation	GNA-NOW_HZI_Fractionation_v01.pdf		Amount_cpd_in_fraction_Cytoplasm	Average	=	209.577607	pmol/ 5 ml bacterial culture	MHB2		V (valid)		{'curie': 'NCBITaxon:2', 'name': 'Bacteria'}	{'curie': nan, 'name': 'ESCCO 25922', 'sample': nan, 'category': nan}	{'curie': 'GNA:00011', 'name': 'Fractionation', 'experimental_type': 'Fractionation', 'modified_name': 'Fractionation', 'definition': 'quantification of intracellular antibiotic concentrations'}	{'curie': 'SIGMA:90922', 'name': 'MHB2', 'medium_acronym': 'MHB2', 'medium_name': 'Mueller Hinton Broth 2 (MHB2)', 'medium_pH': nan, 'medium_additives': nan}	{'curie': 'GNA:00008', 'name': 'pmol/ 5 ml bacterial culture', 'unit_full_name': 'pmol/ 5 ml bacterial culture'}		{'curie': 'STATO:0000573', 'name': 'Average', 'statistical_method': 'Average value'}
GNA-NOW_HZI_02B	ELN-FU-63289	CPD_0003	BATCH_ID_MKG248			HZI	HZI@GNA-NOW.com	3/8/2020	Bacteria		ESCCO 25922		Fractionation	GNA-NOW_HZI_Fractionation_v01.pdf		Amount_cpd_in_fraction_Membrane	Average	=	43.98630392	pmol/ 5 ml bacterial culture	MHB2		V (valid)		{'curie': 'NCBITaxon:2', 'name': 'Bacteria'}	{'curie': nan, 'name': 'ESCCO 25922', 'sample': nan, 'category': nan}	{'curie': 'GNA:00011', 'name': 'Fractionation', 'experimental_type': 'Fractionation', 'modified_name': 'Fractionation', 'definition': 'quantification of intracellular antibiotic concentrations'}	{'curie': 'SIGMA:90922', 'name': 'MHB2', 'medium_acronym': 'MHB2', 'medium_name': 'Mueller Hinton Broth 2 (MHB2)', 'medium_pH': nan, 'medium_additives': nan}	{'curie': 'GNA:00008', 'name': 'pmol/ 5 ml bacterial culture', 'unit_full_name': 'pmol/ 5 ml bacterial culture'}		{'curie': 'STATO:0000573', 'name': 'Average', 'statistical_method': 'Average value'}
GNA-NOW_HZI_02B	ELN-FU-63289	CPD_0004	BATCH_ID_BDO149			HZI	HZI@GNA-NOW.com	3/8/2020	Bacteria		ESCCO 25922		Fractionation	GNA-NOW_HZI_Fractionation_v01.pdf		Amount_cpd_in_fraction_SumFractions	Average	=	276.7876779	pmol/ 5 ml bacterial culture	MHB2		V (valid)		{'curie': 'NCBITaxon:2', 'name': 'Bacteria'}	{'curie': nan, 'name': 'ESCCO 25922', 'sample': nan, 'category': nan}	{'curie': 'GNA:00011', 'name': 'Fractionation', 'experimental_type': 'Fractionation', 'modified_name': 'Fractionation', 'definition': 'quantification of intracellular antibiotic concentrations'}	{'curie': 'SIGMA:90922', 'name': 'MHB2', 'medium_acronym': 'MHB2', 'medium_name': 'Mueller Hinton Broth 2 (MHB2)', 'medium_pH': nan, 'medium_additives': nan}	{'curie': 'GNA:00008', 'name': 'pmol/ 5 ml bacterial culture', 'unit_full_name': 'pmol/ 5 ml bacterial culture'}		{'curie': 'STATO:0000573', 'name': 'Average', 'statistical_method': 'Average value'}
GNA-NOW_HZI_02B	ELN-FU-63289	CPD_0005	BATCH_ID_JNZ135			HZI	HZI@GNA-NOW.com	3/8/2020	Bacteria		ESCCO 25922		Fractionation	GNA-NOW_HZI_Fractionation_v01.pdf		Amount_cpd_in_fraction_Whole_Cell	Average	=	338.1798933	pmol/ 5 ml bacterial culture	MHB2		V (valid)		{'curie': 'NCBITaxon:2', 'name': 'Bacteria'}	{'curie': nan, 'name': 'ESCCO 25922', 'sample': nan, 'category': nan}	{'curie': 'GNA:00011', 'name': 'Fractionation', 'experimental_type': 'Fractionation', 'modified_name': 'Fractionation', 'definition': 'quantification of intracellular antibiotic concentrations'}	{'curie': 'SIGMA:90922', 'name': 'MHB2', 'medium_acronym': 'MHB2', 'medium_name': 'Mueller Hinton Broth 2 (MHB2)', 'medium_pH': nan, 'medium_additives': nan}	{'curie': 'GNA:00008', 'name': 'pmol/ 5 ml bacterial culture', 'unit_full_name': 'pmol/ 5 ml bacterial culture'}		{'curie': 'STATO:0000573', 'name': 'Average', 'statistical_method': 'Average value'}
